verified,followers_count,following_count,tweet_like_count,tweet_retweet_count,tweet_reply_count,tweet_quote_count,sentiment,tweet_text
FALSE,0,0,0,0,0,0,bullish,49that spaces bad crypto save drama fiat best crypto discord group 80kmember even ha
FALSE,1,2,0,0,0,0,neutral,som cyptocurrency btc eth crypto w leone new hoping person knows
FALSE,1853,3,0,0,0,0,neutral,cardano ada whale laced transaction output 21m 095m usd tx info support us stake peace pool stake sharpeasy1boostgmblfintech blockchain crypto
FALSE,3,49,0,0,0,0,bullish,guys built great project heelped havve mmore confidence crypto projjeectsglodao
FALSE,6,0,0,0,0,0,bearish,wsj singapores central bank slams crypto trading talks digitalasset opportunities
FALSE,3547,182,0,0,0,0,bearish,price change price cocosusdt go 41 previous price 07583 current price 07284cocos cocosusdt crypto pricegodown
FALSE,1124,9,0,0,0,0,bullish,argentinian province mendoza starts accepting tax payments incrypto
FALSE,19708,4036,0,0,0,0,bullish,chance crypto prices go lower yesdo personally think go lower yesam selling crypto nfts hell im baller like
FALSE,4721,136,0,0,0,0,bearish,think truncated near time high alternative tbh btc bnb pair cycle peaks around think comenormally parabolic move like crypto struggle make new high unlikely w4 imo
FALSE,3904,2750,0,0,0,0,neutral,care crypto cloaks anyone create something 3d printer sell profit wish proprietary builds whats issue
FALSE,15,102,0,0,0,0,bearish,bots useless nfts crypto projects
TRUE,4777,701,0,0,1,0,bearish,ethereum ethethereum currently second largest cryptocurrencyeth provides wide range reallife applicationsfurthermore ethmerge set make crypto ecofriendly moving proofofstake could cause price spike
FALSE,3547,182,0,0,0,0,bullish,new high price cocosusdt reached new 24 hour high price 07654cocos cocosusdt crypto getprofit
FALSE,140,165,0,0,1,0,bullish,schools colleges wont teach become rich take finances hand gaaxyhero already know gonna make ghc finance crypto ghcarmy ghc galaxyheroescoin
FALSE,100,273,0,0,0,0,neutral,short time crypto expert invest long time dont mean cant invest short time mean dont speculate investor speculators afraid market bearish move got afraid withdraw
FALSE,39,1766,2,0,1,0,neutral,quack crypto nft nfts
TRUE,4777,701,0,0,1,0,bearish,bitcoin btcthe worlds first largest crypto market cap always top listbtc one safest go options bear market times always good start newbiesall investors include small btc portfolio
TRUE,4777,701,0,0,1,0,neutral,top 10 trending crypto coins 2023 come long way since 1st bitcoin mined 3 january 2009there currently 20 000 different crypto currencieswe look solid cryptos look 2023 following thread
FALSE,150,717,0,0,0,0,neutral,libonomy interoperable scalable truly decentralized blockchain crypto cryptocurrency investment blockchain consensus artificialintelligence
FALSE,20,1025,0,0,0,0,bullish,great backing partnerships crypto market might bring huge benefits new projects point tell us investors partners monopolon point building project take account feedbacks community
FALSE,175,314,0,0,0,0,bullish,good morning future millionaire billionairesim bullish today smart investments crypto buycryptocurrencies
FALSE,16,140,0,0,0,0,bullish,600 usdt treasure chest denet share friendslets get treasures togetherclick join giveaway giveaways airdrop nfts crypto
FALSE,65260,13909,0,0,0,0,bullish,argentinian province mendoza starts accepting tax payments crypto news bitcoin news news argentina atm
FALSE,20,640,1,0,0,1,neutral,200 bnb 10 winner retweet pinned follow like rt show onnote people retweet pinnedonce rt reached 2kgiveaways distributed participates bnb binance ethereum cryptocurrencies cryptocurrency crypto
FALSE,31,171,0,0,0,0,bearish,live crypto prices 24h changebtc 2023800 622eth 149926 1126bnb 28157 634doge 00638
FALSE,207,145,0,0,0,0,bullish,dubai issues crypto marketing rules better protect investors
FALSE,65,59,0,0,0,0,bullish,biggest crypto project accumulate today cvp give try ecosystem growing yet make headlines better time stack enough cvp
FALSE,448,210,0,0,1,0,neutral,dubais virtual asset regulatory authority vara launches crypto marketing amp advertising guidelines
FALSE,21,164,0,0,0,0,neutral,share us biggest ambition year main mission want achieve crypto field plan expand noncrypto users since still many people dont know crypto
FALSE,32,0,0,0,0,0,neutral,binance volumeof crypto exchanges start trading nowicx eth btc enji mana aion
FALSE,7,1,0,0,0,0,neutral,1 crypto trading community hands shib eth ada bnb dot xrp ltc link uni xem ltc mana
FALSE,3372,4,0,0,0,0,neutral,bitcoin last price 19810 btc daily indicatorspivot fibonacci support 1 20003 s2 18603 s3 16337 middle 22269 resistance 1 24535ethereum last price 1446 ethpivot s1 1192 s2 1009 s3 712 1490 r1 1787crypto defi36224288
FALSE,9,0,0,0,0,0,bullish,partnerships community meet ups binance team busy travelling across globe one goal mind driving crypto adoptionnext stop binanceblockchainweek paris highlights journey far
FALSE,83,3736,2,0,0,0,neutral,quack quack quack quack quack crypto nft nfts
FALSE,3678,2,1,0,1,0,neutral,crypto alert macd cross alert 15m pair vetusdtcrypto nft binance metaverse cryptocurrency
FALSE,385,31,1,0,2,0,bullish,patient dear crypto fanaticsyouve never closer uncovering top tmrw newsmeet us exactly 3 days tell next great event dubaiunchain reality crypto nft metaverse worlds top leaders industry pioneers
FALSE,4964,479,0,0,1,0,neutral,many 20k cryptocurrencies bitcoin ethereum together make half cryptos total market value bitcoin ethereum crypto cryptonews
FALSE,55,290,0,0,0,0,bearish,people sound like stock crypto bugsstacking coal winter
FALSE,1371,1805,0,0,0,0,bullish,gammax raises 4m launch crypto derivatives exchange ethereum layer2solution
FALSE,19,187,0,0,0,0,bearish,ok catch correction price welli dont understand basis give forecast quick new alltime high facing largescale economic crisiswhere see billions coming new crypto peakbest regards
FALSE,937,1944,0,0,0,0,bullish,three life good sit hands nothing crypto
FALSE,2759,3151,0,0,0,0,bullish,ralley totally bullish white break major resistance blue linenfa dyor crypto gem x1000 x1000gem
FALSE,0,3,0,0,0,0,neutral,entry lightningnetworkomnibolt ln memecontest contest rewards giveaway airdrop crypto
FALSE,523,39,2,0,2,0,neutral,nfts nft balto crypto cryptocurrencyjoin discord join telegram 855 days 121451396197
FALSE,533,363,1,0,0,0,bullish,eosusdth4eos long term support zonelook ltf entriescrypto crypto cryptotrading btc bitcoin cryptosignals
FALSE,42,932,0,0,0,0,neutral,mech master build customize personal mechas including bacha system 2d 3d items also gives opportunity participate battles amp events adventures master mecha area need crypto experience able access interface amp technology
FALSE,25774,99,1,0,0,0,bullish,binance king crypto adoption process
FALSE,2095,1695,0,0,0,0,bearish,taliban bans crypto afghanistan arrests 13
FALSE,60,143,0,0,0,0,bearish,oh yes u r right like movie alladin flying carpet never history anything anyone ever done anything like crypto know guy real deal loop ring eth address name
FALSE,698,726,0,0,0,0,bullish,truly mentioned almost projects done well time launch missed bybit crypto cryptocurency
FALSE,639,192,0,0,0,0,bearish,singapores central bank slams crypto trading talks digitalasset opportunities regulator tries clarify position cryptocurrencies market meltdown
FALSE,207,1664,0,0,2,0,bullish,ive joined airdrop super app ios android give us ability use crypto pay daily purchases instantly feeless running win prize
FALSE,161,1,0,0,0,0,neutral,crypto scalping futures 1htime 20220829 114403short kncusdt 1657tp 157415sl 170671 knc knc
FALSE,69849,17250,0,0,0,0,neutral,wan send one crypto gc fit join
FALSE,254,589,0,0,0,0,bullish,great project potentials thrive crypto space
FALSE,421,1260,0,0,0,0,neutral,oops revised coffee thought another crypto bro lol
FALSE,1071,4,1,0,0,0,bullish,new listingred listed coinmarketcap superapiv2more info bioau bitcoin autocrypto crypto cryptocurrecy bnb tothemoon bsc bscgem gem altcoin token
FALSE,22748,890,0,0,0,0,bullish,watching project really impressed work put definitely looking forward piticrypto cryptocurrecy pitiarmy
FALSE,163,27,4,2,0,0,neutral,daily betslip bet slip go 816 total multiplier joke makov awaits fields financial gains betdo sports soccer football laliga primeiraliga crypto bitcoin btc uefa bettingtips bettingsports
FALSE,2861,2013,3,0,1,0,bearish,nft crypto communities might interested thiseminem snoop doggs baycinspired vma performance slammed money grab
FALSE,15,142,2,0,1,0,bullish,playstation acquires savage game studios focusing mobile games push square mondaymood mondayblues meetmeatmidnighthouseofthedragon asiacup2022 taylor swiftmondaymotivation tech crypto bitcoin technoblade nationalsportsday taylor
FALSE,183,4313,2,0,3,0,bullish,ive joined airdrop super app ios android give us ability use crypto pay daily purchases instantly feeless running win prize
FALSE,1,2,1,0,0,0,neutral,front cyptocurrency btc eth crypto 123 1 ww lof yet cant see
FALSE,219,140,0,0,0,0,bullish,argentinian province mendoza starts accepting tax payments incrypto
FALSE,306,3193,0,0,2,0,bullish,ive joined airdrop super app ios android give us ability use crypto pay daily purchases instantly feeless running win prize
FALSE,529,88,1,0,1,0,bearish,ive awake gambling crypto im piece shit
FALSE,275,209,1,0,0,0,bearish,suggest reach twitter recovery stolen scammed crypto funds nft theyve helped also got wallet drained low life scammers
FALSE,2494,2690,2,0,1,0,neutral,quack richquack crypto nft nfts
FALSE,12,51,0,0,0,0,bullish,well well well massive happy third birthday us thank team another storming year go strength strength crypto cryptoexchange birthday
FALSE,428,1196,0,0,0,0,neutral,hi occamnauts ada crypto famsee later ama 1800 utcjoin us occamdao moving discord occamqualitystandardoccamrazer
FALSE,2494,2690,2,0,1,0,neutral,quack richquack crypto nft nfts
FALSE,99,578,0,0,2,0,bullish,crypto derivs eod 29 aug1 eth futs backwardated merge carry play btc futs gone backwardated 3m selloff recovered back today sign relief bearish sentiment
FALSE,523,39,3,0,3,0,neutral,nft nftcommmunity deltaflare p2e gamefi crypto nftart nftsjoin discord join telegram 12 days 224637629906
FALSE,0,146,0,0,0,0,neutral,web30 digital bankpocket conducts community airdrop event joined gleam get airdrop contest yet gleam airdrop pocketinfinity crypto
FALSE,39,148,0,0,0,0,neutral,ethiopian crypto providers need register cybersecurity agency
FALSE,10798,2932,3,0,2,0,bullish,still dont google crypto yet tho
FALSE,163,1363,0,0,2,0,neutral,ive joined airdrop super app ios android give us ability use crypto pay daily purchases instantly feeless running win prize
FALSE,13471,18,0,2,0,0,bullish,hacker tries exploit bridge protocol fails miserably finance redefinedbitcoin binance crypto btc bnb
FALSE,568,692,0,0,1,0,bullish,dubai issues crypto marketing rules better protect investors
FALSE,146,76,0,0,0,0,bearish,survived bc converted crypto usdt otherwise id fked
FALSE,78,556,0,0,0,0,bullish,week big week avax degen degenproject web3 crypto blockchain game avax
FALSE,2223,1132,0,0,1,0,bullish,make money current crypto market condition
FALSE,2494,2690,2,0,1,0,neutral,quack richquack crypto nft nfts
FALSE,2640,1374,0,0,0,0,bullish,give crypto
FALSE,1,2,1,0,0,0,bullish,love cyptocurrency btc eth crypto 1w lyou
FALSE,67,290,0,1,0,0,bullish,successful crypto project september richquack yooshi bluesparrowbnb shib aircoin marvin doge
FALSE,201,22,0,0,0,0,bullish,ilies larbis crypto exchange ouinex seeks 1m preicoround
FALSE,1016,3311,0,0,0,0,bullish,prices seem extremely good value project seemed slip radar none crypto enthusiast last cycle surely get stronger especially none hype times quietly developing robust ecosystem
FALSE,196,232,1,0,0,0,bullish,equity fund flows amp anecdotal evidence sitting spaces w thousands crypto amp nft maxis support complacency thesis keep asking missing seems like fat pitch first equity outflowsearnings guide downsintangible asset writeoffspe reratings
FALSE,57,213,0,0,1,0,bullish,argentinian province mendoza starts accepting tax payments crypto news bitcoin news
FALSE,1473,2767,0,0,1,0,neutral,cryptovirtuoso used youtube channel infleuncer crypto world
FALSE,3520,1803,0,0,2,0,bullish,lets admit crypto people pretty weird nft community even weirder like tho
FALSE,931,20,4,1,3,0,neutral,creator club bought 22 thetadropthetalands theta opentheta crypto theta tfuel tfuel theta nfts nft nftcollector nftcommunity tdrop tdrop metaverse thetaverse
FALSE,1853,3,0,0,0,0,neutral,cardano ada whale laced transaction output 160m 698m usd tx info support us stake peace pool stake sharpeasy1boostgmblfintech blockchain crypto
FALSE,88,178,0,0,0,0,bearish,singapores central bank slams crypto trading talks digitalassetopportunities
FALSE,511,573,0,0,0,0,neutral,biggest hypocrisy govtgovt turning blind eye obvious scam thats called sale people forced buy courses unable cancel busy chasing crypto exchanges people buying crypto choice
FALSE,27,162,0,0,0,0,bullish,crypto think good investment mr musk
FALSE,178,1099,0,0,0,0,bullish,partnerships community meet ups binance team busy travelling across globe one goal mind driving crypto adoptionnext stop binanceblockchainweek paris highlights journey far
FALSE,1298,183,0,0,1,0,bullish,jerome powell spoken 8 mins enough drop crypto marketcap 1t however crypto maxi keep accumulating cryptocurrency assets dont forget diversification good time buy dip earn shorts
FALSE,1395,0,3,0,4,0,neutral,bitcoin eth dice binancenfts staketrxbcgame airdrop rain doge roobet deficrypto casino gambling10000 slots amp live casino amp sports betbonus 840win 5 btcfree every dayreg promo link grab5btc
FALSE,166,125,0,0,0,0,bullish,dubai issues crypto marketing rules better protect investors
FALSE,6352,555,1,0,1,0,bullish,personal goal add bags weekly basis tickcrypto timecapsulecrypto shibarmy nftfam timecapsule tick currently available pancakeswap crypto project contract id 0x8db898e2a7cf9fc73ef423b97b15d08e0f1ecdbd
TRUE,6944210,1169,1,1,0,0,neutral,weekend woods cryptos cool kids
FALSE,231,2144,1,0,0,0,bearish,buhari governments ban crypto comes mind ideology belief system extremists agenda different locations
FALSE,3,18,2,0,0,0,bullish,startups amp entrepreneurs cryptocurrencypaymentgateway tends provide many lucrative profits business wanna create one connect leading crypto payment gateway development company
FALSE,2794,194,0,0,0,0,bullish,1000 damn zbc giving free money art sold growing continuously past month ways one lets see prove worthdefi passiveincome crypto
FALSE,4128,251,0,0,0,0,bullish,zoomed monthly chart btc september usually bad month sp500 expect downside bitcoin well see small red monthly candle like sep small green oct big green nov one knows calculated guess midterm crypto bottom
FALSE,1,4,0,0,0,0,bullish,excelleent effort lot potenttial teams deddication ingenuity combined eexceptional fan support make tthis envy crypto world
TRUE,1116546,6511,3,0,9,1,bullish,shill favorite crypto project
FALSE,1,2,0,0,0,0,neutral,good horse oft cyptocurrency btc eth crypto 123 1w en needs good spur
FALSE,52,7,0,0,0,0,bearish,singapore considers stricter crypto regulations protect retailtraders
FALSE,17,117,0,0,0,0,bearish,clue whats coming nonewatch dxy120 coming crypto worthless
FALSE,10,11,1,0,1,0,bearish,increase crypto crimes security major concern traders developers bnbchain ann defi
FALSE,1853,3,0,0,0,0,neutral,cardano ada whale laced transaction output 14m 064m usd tx info support us stake peace pool stake sharpeasy1boostgmblfintech blockchain crypto
FALSE,70,3541,0,0,3,0,neutral,quack crypto nft nfts
FALSE,14,39,0,0,1,0,bearish,ive said past say stay away crypto far far away
FALSE,86,3122,1,0,2,0,neutral,ive joined airdrop super app ios android give us ability use crypto pay daily purchases instantly feeless running win prize
FALSE,70,2,0,1,0,0,bearish,himalaya exchange ceo jesse brown weathering crypto winter
FALSE,32,166,0,0,0,0,bearish,raoul pal thinks surging dollar break equities oilcrypto
FALSE,1,2,0,0,0,0,bullish,cant stop cyptocurrency btc eth crypto ww l
FALSE,1237,1353,0,0,0,0,neutral,ibsee birning mechanism crypto btc
FALSE,170,2367,0,0,1,0,neutral,quack crypto nft nfts
TRUE,9367127,490,107,37,39,2,bullish,partnerships community meet ups binance team busy travelling across globe one goal mind driving crypto adoptionnext stop binanceblockchainweek paris highlights journey far
FALSE,454,4089,0,0,0,0,bullish,wowquack richquack crypto nft nfts
FALSE,37011,58,2,0,1,0,bullish,welcome space metaversewe bridging traditional commerce web3 experiences commerce metaverselearn build store metaversemetaverse spacemetaverse crypto
FALSE,414,379,0,0,1,0,bullish,crypto future
FALSE,752,1326,0,0,0,0,bearish,crypto company stocks slump bitcoin drops 20000 morningstar
FALSE,2368,99,0,0,0,0,bullish,followed also interested learning crypto
FALSE,8,5,0,0,0,0,neutral,metamortals set fly like metaverse counterparts sandbox axie infinity crypto mode
FALSE,1,2,0,0,1,0,neutral,crypto currency
FALSE,83,271,1,0,1,0,bullish,shill next 100x gems bscgems 100xgem bnb eth sol btccryptocurrency crypto altcoin gem 10
FALSE,1853,3,0,0,0,0,neutral,cardano ada whale laced transaction output 10m 047m usd tx info support us stake peace pool stake sharpeasy1boostgmblfintech blockchain crypto
FALSE,176,33,0,0,0,0,bullish,yieldfarming involves lending staking cryptocurrency exchange interest rewardsyield farmers measure returns terms annual percentage yields apy potentially profitablesilverlineswap dex defi crypto
FALSE,1853,3,0,0,0,0,neutral,cardano ada whale laced transaction output 14m 064m usd tx info support us stake peace pool stake sharpeasy1boostgmblfintech blockchain crypto
FALSE,208,31,0,0,0,0,bullish,gnox gnox launches binance smart chain bsc outperforms cryptos like cardano ada solana sol cryptomode ada crypto cryptocurrency cryptonewsis
FALSE,3,26,0,0,0,0,bullish,first crypto project movetoearn autostaking ampampampampampampampampamp autocompounding gmt ampampamp
FALSE,3188,242,1,0,1,0,bullish,ever come across concept bridge got confused didnt really understand whats take look explanation subject youll never questions againcrypto bitcoin ethereum stronghands investiment market
FALSE,146,43,0,0,0,0,bullish,barriers saving money low income declared exactly half population poland 25 afraid loose process 22 trust financial institutionswe develop platform effortless stable growthblockchain crypto
FALSE,34,83,0,0,0,0,bearish,ava labs responds cryptoleaks allegations delusional conspiracy theory
FALSE,1083,876,1,0,0,0,bullish,yes crypto keeps dippingno bitcoin still safe hedge inflationeventually turn accumulate higher returnsadded route qnt tlos amplifi ubt
FALSE,991,4640,1,0,0,0,bullish,dhx flyer polkadot crypto
FALSE,9931,176,0,0,0,0,bearish,bitcoin back us20000 hawkish fed weighs crypto
FALSE,931,20,2,0,2,0,neutral,creator club bought 380 tfuel 22 thetadropthetalands theta opentheta crypto theta tfuel tfuel theta nfts nft nftcollector nftcommunity tdrop tdrop metaverse thetaverse
FALSE,501,240,0,0,0,0,bearish,extreme fear crypto btc
FALSE,85,5001,0,0,0,0,neutral,lfg quack crypto nft nfts
FALSE,2154,1922,2,0,0,0,neutral,think many real influencers web3 considered influencers gained huge audience done absolutely nothing web3 nft crypto fieldsim sure
FALSE,61748,52,0,0,0,0,bearish,f rumors true people stay away avax matter rises rumors true avax team members crypto cryptocrypto projects support rumors true avax opposite
FALSE,40,126,5,2,2,0,bullish,smart contracts blockchain used many industriesmetaverse iot iiot 5g crypto nfts ai datascience coding programming engineering bigdata machinelearning analytics innovation smartcity 100daysofcode web3
FALSE,1,2,0,0,0,0,bullish,good name earlier cyptocurrency btc eth crypto 123 1w lost
FALSE,1964,2444,0,0,0,0,bullish,raise hand evolution crypto sphere koacombat hypeno speculationno empty promisesno chaosno juvenile dramawe believe wounded warriors freedom fascism unity
FALSE,80,174,0,0,0,0,neutral,hi community tired ups downs crypto market recommend check offer teroxx deliver since 3 years outstanding performance investors matter direction market moves 2030 pa dm information
FALSE,21,2552,0,0,1,0,neutral,entered airdrop competition think consider rmhtoken crypto giveaway airdrop whitelist
FALSE,5,111,0,0,0,0,bullish,chilizs chz price surging today chiliz chain 20 ignited bull run crypto
FALSE,1894,126,1,0,0,0,neutral,hiring collab manager moderator art artist blockchain dev game testersyou earn 50100 day us master3drpg master3d p2e p2egaming nft nftjobs web3 nftjob crypto job
FALSE,0,17,0,0,0,0,neutral,happy birthday cheat crypto
FALSE,138,420,0,0,0,0,bullish,learning outs crypto one day timeblockchain nfts web3
FALSE,24,353,0,0,0,0,bearish,vulnerability customers crypto bankruptcy help way jd supra
FALSE,33,147,0,0,0,0,bullish,understanding move earn fitness app curious fitmint strike balance among tokenomic gamification running app order attract native crypto users fitness users dont know much crypto
FALSE,131,331,1,0,1,0,neutral,come get fast discord turtleconnection crypto ada cardano
FALSE,37771,55,1,0,1,0,neutral,crypto leader refund completed please check
FALSE,875,492,0,0,0,0,bearish,stage bearmarket think inlet us know comments crypto
FALSE,54,2781,0,0,2,0,neutral,ive joined airdrop super app ios android give us ability use crypto pay daily purchases instantly feeless running win prize
FALSE,632,667,0,0,3,0,bearish,retail shorting eurusdeveryone shorting btc eslate bulls longing dxy resistancelots confluence short squeeze crypto bitcoin
FALSE,3372,4,0,0,0,0,neutral,bitcoin last price 19804 btc weekly indicatorspivot fibonacci support 1 32076 s2 22276 s3 6412 middle 47940 resistance 1 63804ethereum last price 1446 ethpivot s1 1550 s2 570 3137 r1 4724 r2 5704crypto defi66224285
FALSE,0,1,1,0,0,0,neutral,areeee crypto people talking
FALSE,1023,5002,0,0,0,0,bearish,know im one wants crypto market go lower currently buyingthedip
FALSE,2216,399,0,0,1,0,neutral,hi meta thiss mmex web3 crypto exchange may ask make post
FALSE,7937,200,0,0,1,0,neutral,cardano ada price prediction vasil stats bring 050 view crypto cryptocurrencies vasil cardanovasil
FALSE,0,13,0,0,0,0,bullish,guys havee built ggreat project helped connfiddence iin crypto projects
FALSE,104,3131,0,0,4,0,neutral,ive joined airdrop super app ios android give us ability use crypto pay daily purchases instantly feeless running win prize
FALSE,1853,3,0,0,1,0,neutral,cardano ada whale laced transaction output 160m 698m usd tx info support us stake peace pool stake sharpeasy1boostgmblfintech blockchain crypto
FALSE,1095,104,0,0,2,0,bearish,mt gox creditors dismiss rumors massive bitcoin dump please share like amp follow cryptonews crypto cryptocurrency
FALSE,8216,6004,0,0,1,0,bullish,stack sats buy crypto
FALSE,4328,1938,0,0,1,0,bullish,mendoza province argentina one first country implement digital system allows taxpayers execute payments operations crypto
FALSE,93,2273,1,0,1,0,neutral,quack crypto nft nfts
FALSE,1,2,1,0,0,0,neutral,idea cyptocurrency btc eth crypto 123 1w lf
FALSE,3595,150,1,0,0,0,neutral,lets get 1000 retweets lfgi crypto passiveincome cryptocurency
FALSE,4,54,0,0,0,0,bullish,stock market crash crypto go boom
FALSE,137,536,8,1,8,0,neutral,sandman linknfts nft nftart nftcommunity nftcollector nftartist crypto digitalart cryptoart art ethereum opensea nftcollectors blockchain nftdrop cryptocurrency nftcollectibles bitcoin openseanft nftcollections
FALSE,641,1878,0,0,0,0,bullish,great one thing see around forever insider trading sadly around tradfi long time certainly cryptonfts seen wash trading well hoping decentralization help traditional insiders dissolve slowly
FALSE,70,141,1,0,1,0,neutral,one popular pairs traded today crypto bitcoin btc tradebtc cryptocurrency tradebitcoinvisit
FALSE,705,2539,1,0,0,0,bullish,robert kiyosaki peter schiff hints buy dip left curated post publish0x read write articles get crypto referral earn btc
FALSE,931,20,2,0,3,0,neutral,four three animated print bought 346 tfuel 20 thetadropthetalands theta opentheta crypto theta tfuel tfuel theta nfts nft nftcollector nftcommunity tdrop tdrop metaverse thetaverse
FALSE,1741,1584,0,0,0,0,bullish,taylor lorenzinside crypto woodstock technologists plot utopian future
FALSE,797,92,2,0,1,0,bullish,earlier quite difficult get attention token holders product gain sort supportusing virality platforms like reddit twitter founders crypto startups needed carry weight gathering needed support
FALSE,23,106,0,0,0,0,bullish,oneday entire crypto space volt
FALSE,108,2311,2,0,2,0,bullish,future 2 moon quack crypto nft nfts
FALSE,35,11,0,0,0,0,bearish,powells jackson hole speech gives crypto investors thejitters
FALSE,20755,95,2,0,1,0,bearish,ii va called ib needing clearmm waiting sauce them199 longs amp 195 shorts stressedsomes forced close lossbtc crypto
FALSE,18,19,0,0,0,0,neutral,crypto boss get yootlist
FALSE,4767,5243,0,0,0,0,neutral,cryptopriceslive crypto prices 24h changebtc 1981149 101eth 144805 226ada 04342 255uni 594 065mkr 75623 122avax 1803 1020atom 1050 447powered coingecko apibtc eth ada uni mk
FALSE,4262,1532,1,0,0,0,bullish,wish life ethereum impressive run crypto market
FALSE,150,717,1,0,0,0,neutral,energy mining comparison different blockchains artificialintelligence machincelearning libonomy blockchain crypto lby
FALSE,1371,1805,0,0,0,0,bullish,samsung securities eye launching crypto exchanges 2023report
FALSE,0,158,0,0,1,0,neutral,hey check crypto portfolio deposit today start earning tomorrow haruinvestturns3 btc eth usdt
FALSE,110,1595,5,0,4,0,bearish,powells jackson hole speech gives crypto investors thejitters
FALSE,2291,986,1,0,0,0,neutral,interesting question since touched crypto keep studying
FALSE,2967,12,4,0,3,0,bearish,tezos xtz nurses dangerous fall final 7 days binance asset freezebinancetown crypto bitcoin cryptocurrency cryptocurrencies cryptonews
FALSE,17,117,1,0,0,0,bearish,watch dxy 120 coming crypto worthless amp europe shit show
FALSE,2009,1513,1,0,0,0,bearish,yet texas texas cryptomining rush may need much power entire state new york
FALSE,341,98,2,0,1,0,bullish,cel kills 4656 gainvisuals cel cel celsius network bitcon crypto
FALSE,3,44,2,0,0,0,neutral,crypto people talking
FALSE,20,3790,2,1,2,0,neutral,quack crypto nft nfts
FALSE,0,153,0,0,1,0,neutral,web30 digital bankpocket conducts community airdrop event joined gleam get airdrop contest yet gleam airdrop pocketinfinity crypto
FALSE,321,2064,0,0,3,0,bullish,doge buy 0002361 bought thought low name sounds funny idea crypto buying back except btc bought 270 lol sold 150 profit top would 866 321x 32000 doge
FALSE,145,459,0,0,0,0,bearish,eth price extremely volatile youd say basket crypto low beta coefficient agree soft peg introduces much risk meaningful adoption
FALSE,0,0,0,0,0,0,neutral,cryptocircus review overviewscammed cryptocircus read full cryptocircus review know possible activities scam brokers safe trade visitcryptocircusreview cryptocircusscam
FALSE,76,2,1,0,2,0,neutral,current data dexit price 00017 usd markcetcap 00 usd 24 hour volume 461662 usd 24 hour change 287 last updated 20220829 114023489501dexit dexitarmy coingecko coinmarketcap dxt crypto btc bnb eth
FALSE,315,927,0,0,1,0,neutral,hard manage job updated active crypto manage
FALSE,126,36,1,0,1,0,bullish,ecosystem offers possibility invest company makes money grow follow nft community nft nftcommunity nftcollector crypto oga originalgangsterape
FALSE,101,475,0,0,3,0,neutral,ive joined airdrop super app ios android give us ability use crypto pay daily purchases instantly feeless running win prize
FALSE,419,728,0,0,0,0,bearish,introduce blockchain need regulate crypto
FALSE,65,59,0,0,1,0,bullish,going bull season crypto project dont miss cvp defi automation trillion market narrative cvp preparing enter market poweragent keep watch huge pump incoming soonest
FALSE,14,380,0,0,1,0,bullish,project huge crypto future orbitchain airdrop giveaway orc
FALSE,2109,4599,0,0,0,0,bullish,accepting also crypto nfts
FALSE,20,80,1,0,0,0,bearish,answer crypto always lot remembrr luna
FALSE,128,2668,0,0,2,0,neutral,entered airdrop competition think consider rmhtoken crypto giveaway airdrop whitelist
FALSE,0,13,0,0,0,0,neutral,2018 bought 10000000 cardano tokens completely forgot found today full audit crypto holdings want hold ada giving 10m away one random person likes retweets
FALSE,24,196,0,0,0,0,neutral,understand significant backing collaborations crypto sector quite beneficial new enterprises tell us projects investors partners point benefits expect bring naoris protocol ecosystem
FALSE,86,293,0,0,0,0,bullish,coke crypto weirdo book kook crook sell dell shouldbeincell promoting tweeters ive blocked today yes know blocking pleases
FALSE,69849,17250,0,0,0,0,bullish,want send crypto gc join
FALSE,146,17,1,1,2,0,bullish,3 fronts holder get benefit staking day 1 passive incometoken valuation 25 share mining profitgreeningtoken crypto altcoins bitcoin
FALSE,2794,194,0,0,1,0,bullish,remember back 2017 little money went allin gems like mnw every day month went valuefor moment knew crypto would change life5 years later im financially free patient amp hodltoken
FALSE,1715,1,0,0,1,0,neutral,current bitcoin price 19811 btc crypto
FALSE,44,19,0,0,0,0,bullish,argentinian province mendoza starts accepting tax payments crypto news bitcoin news
FALSE,2090,212,0,0,1,0,bullish,gammax raises 4m launch crypto derivatives exchange ethereum layer2solution
FALSE,47,82,1,0,1,0,bullish,ive never heard infinite battle root three kingdoms multiverse came sure blastnftsp2ecrypto
FALSE,22,3,0,0,0,0,bearish,crypto crash different dont fight bitcoin crash isnt unusual cryptocurrency prices never faced aggressive fed rate hikes moves expect
FALSE,1674,299,0,0,1,0,neutral,life crypto trader trading everywhere binance
FALSE,0,2,1,1,0,0,neutral,asked whalewhy fatthen saidi xray proved knowthe whale whalecointalk carrying fats talkingwhalecointalk wctmemes bsc bscgems giveaway crypto
FALSE,6330,8,2,1,1,0,neutral,taking playlearnearn next level whitelist first join dreamsmaker metaverse click register game nftcommunity nftproject web3 crypto cryptoproject gaming whitelist nfts nftcollector guild
FALSE,1303,1,0,0,0,0,neutral,cocosusdt cocos signal 7 last signal 4 mins ago 074730000 075870000 153 volume chng 612763 usdt 2259 daily price chng 1845 volume 3105398 usdt pro crypto bitcoin btc eth
FALSE,136,0,1,0,1,0,bullish,new bitcoin technical analysisafter dropped planned last update going back 17k soon new btc update smash like enjoy content mooncharts mcteam crypto btc
FALSE,1853,3,0,0,0,0,neutral,cardano ada whale laced transaction output 14m 064m usd tx info support us stake peace pool stake sharpeasy1boostgmblfintech blockchain crypto
FALSE,28411,8722,1,0,0,0,bullish,mass kyc solution go watchread news frontpage read times understand works havent visit pi network app lately absolutly time return pinetwork picoin pi crypto
FALSE,41,1489,2,0,0,0,bullish,great project quack crypto nft nfts
FALSE,750,174,0,0,0,0,neutral,crypto
FALSE,1252,1366,0,0,0,0,bullish,singapore eyes crypto credit curbs chinastyle ban unlikely
FALSE,604,73,1,0,1,0,bullish,perfect time exclusive nfthead hurry satire politicalsatire satirecollection satiricalart nft nftartist nftartwork nftart crypto nftartcollection
FALSE,7,64,0,0,0,0,neutral,trade crypto sundays theres always cocaine sniffed
TRUE,55890,259,2,0,0,0,bearish,cryptocurrencies suffered massive hit 2022 losing 19 trillion value since height last years rally data analyzed shows crypto cos laid nearly 5000 employees market melts 60 job cuts made june
FALSE,1853,3,0,0,0,0,neutral,cardano ada whale laced transaction output 13m 057m usd tx info support us stake peace pool stake sharpeasy1boostgmblfintech blockchain crypto
FALSE,6853,5803,0,0,0,0,bullish,singapore eyes crypto credit curbs chinastyle ban unlikely
FALSE,3547,182,0,0,0,0,neutral,increase tradesgtousdt 867 increase number trades going throughprevious total trades 6current total trades 52average trades 10market price 00188buyers 30sellers 70gto gtousdt crypto
FALSE,60,133,0,0,0,0,bullish,argentinian province mendoza starts accepting tax payments crypto
FALSE,6,56,0,0,0,0,neutral,download bitcoin profit secrets ebook artemis1 moon crypto bitcoincrash
FALSE,19,498,0,0,0,0,neutral,utility fitt token ecosystem tell us benefits holding token long term marketing strategy expectation project crypto world
FALSE,755,208,1,0,0,0,neutral,chads refered amp project mentioned daily collection hows day cryptoanon helpfullyplz rt
FALSE,9931,176,0,0,0,0,bullish,argentinian province mendoza starts accepting tax payments crypto
FALSE,1,2,0,0,0,0,neutral,smiling daily dose cyptocurrency btc eth crypto ij ww lf magic
FALSE,773,570,1,1,2,0,bullish,check puli still beginning path soon conquer moonpulibscgemalertcryptolunarcrushrbxsamuraiblockchainpuli
FALSE,655,1237,0,0,1,0,neutral,2021 crypto bull market wild year boyi made friend clubhouse literally sent 30000 defi farm talking two weeks plot twist got money back 4k top two weeks
FALSE,16,419,0,0,0,0,neutral,language issue crypto enthusiasts know fitmintntclub many projects support english speaking communities plan use local communities raise awareness project among people different countries
FALSE,78,161,0,0,2,0,neutral,heres link get 20 discount kucoin feescrypto btc eth doge gcake nft metaverse
FALSE,137,201,4,0,5,0,bearish,gm mrfair oh looks things smells pretty bad right seems huge crypto scandal brewingavax avalanche binance
FALSE,1003,3312,0,0,2,0,neutral,use referral link draw 96300 babydoge 369 crypto
FALSE,1146,583,1,1,2,0,neutral,dumbledao uses funds online stores reward magical mutts holderswebsite linktree dumbledore rbxs dumbledao dumble dex bsc bscgems nft crypto defi rbxs
FALSE,7,75,0,0,0,0,neutral,nft amp gamefi projects trending crypto space various forms nft plates used buy use case like amp utilitycan users trade nft builtin marketplace amp used outside games
FALSE,3701,780,1,0,0,0,bearish,fresh crypto drama minting time seems beloved professor
FALSE,7,1,1,1,1,0,bullish,atom buy signal little late entry still good profitsdm us access crypto traders grt crv zen one hbar doge axs avax alice zec
FALSE,3014,0,0,0,2,0,bullish,app use hodling crypto
FALSE,83,300,0,0,1,0,bullish,first question dust huge impact nft community well crypto spacethe whole world shock currently due dust forces research firstly fact coin made passive income stable extremely astonishing
FALSE,98,3040,0,0,2,0,neutral,quack crypto nft nfts
FALSE,9,29,0,0,0,0,neutral,global regulation crypto way forward india development debate
FALSE,158,307,0,0,0,0,bullish,news argentina argentinian province mendoza starts accepting tax payments crypto
FALSE,37,146,1,0,1,0,bullish,miss truly believe crypto resistence new brave worldmy main farms min agix defi ai
FALSE,4,0,0,0,0,0,bullish,argentinian province mendoza starts accepting tax payments crypto
FALSE,7,135,0,0,0,0,neutral,fitmintclub gameplay easily understood kinds players especially fwor relatively new crypto starting still enjoy game even though dont really much know crypto cryptorelated products
FALSE,1976,306,0,0,1,0,neutral,smart contract developerthe perfect role cryptonative senior developer 5 years experience software development 2 years experience developing implementing smart contracts solidity
FALSE,210,0,0,0,0,0,bullish,formula 1 dive deeper crypto andnfts
FALSE,107,148,0,0,0,0,bullish,level need crypto make huge gains best research calm like keep researching
FALSE,5,1,3,0,1,0,bearish,us urges japan step pressure crypto miners links russia ghc galaxyheroes
FALSE,14,118,0,0,2,0,bullish,warren buffet may hate crypto insights relevant current crypto marketdont shaken market stick ur plan leave emotion aside amp remember silliness last months luna 3ac etc huge opportunitybitcoin crypto
FALSE,28847,147,1,0,1,0,bullish,dubai issues crypto marketing rules dubais virtual asset regulatory authority vara citys dedicated crypto regulator reportedly announced new regulatory guidelines marketing advertising promotions virtual assets
FALSE,19,498,0,0,0,0,bullish,agree adoption utility key project survival success whats done drive global adoption fitmint amidst crypto regulations legislation competition
FALSE,136,2101,0,0,3,0,neutral,quack crypto nft nfts
FALSE,3718,4997,3,3,3,0,bearish,crypto price today live bitcoin slips 20000 avalanche amp polygon drop 10nft crypto metaverse web3
FALSE,7,135,0,0,0,0,neutral,nft amp gamefi projects trending crypto fitt space various forms nft plates used buy use case like amp utilitycan fitt users trade nft builtin marketplace amp used outside games
FALSE,1976,306,0,0,1,0,bullish,big picture duplicates plagiarised nft art remain industrywide issue within crypto space thousands nfts created means verify origins uses ai analyze images associated nft catch copies authenticate nfts
FALSE,16,419,0,0,0,0,neutral,nowadays language big barrier many crypto enthusiasts well know many projects support englishspeaking community aiming use local communities raise fitmintntclub awareness project among people different countries
FALSE,10240,34,0,0,1,0,neutral,would rate regarding crypto security protecting assets
FALSE,50,162,0,0,0,0,bearish,think combo people dream getting rich overnight ex crazy stock crypto runs covid combined manipulated markets less fundamentals takes experience balls hold long know
FALSE,43,1024,0,0,1,0,bullish,amazing projects dudeairdrop airdrops crypto
FALSE,69849,17250,1,0,1,0,bullish,wan refer one crypto gc fit join
FALSE,1192,413,0,0,0,0,neutral,silly mock magnus carlsen loss r praggnanandhaa ftx crypto cup 2022
FALSE,17,285,0,0,0,0,bearish,due bad actors space like constantly bringing disrepute crypto world
FALSE,264,482,0,0,0,0,bullish,portion assets hold back usdt crypto
FALSE,309,240,0,0,2,0,neutral,one tell eth going wow bitween trend line supportbtc crypto
FALSE,3180,1021,0,0,0,0,neutral,learned anything far best community crypto
FALSE,2289,2585,0,0,0,0,bullish,reddit 64 american parents want children taught crypto school dailycoin
FALSE,176,708,3,1,3,0,bullish,modern cruise ship compared titanic xpr xpr coming crypto industry cryptocurrency btc eth ethereum xrp xrp dag dag hbar hbar sol lunc bnb dot avax
FALSE,99,578,0,0,1,0,bearish,also cloud provider hetzner hosts 10 nodes also said terms service use products run crypto nodes could lock access services discuss next steps
FALSE,2,12,0,0,0,0,bullish,aalwways bellieve thatt one best crypto worldd
FALSE,989,1983,0,0,1,0,bearish,waiting someone using popeyes chicken sandwich pic reference shouldve lined like cryptolet first say fuck dick rode
FALSE,866,96,0,0,3,0,bearish,ufo already 55 since last run think btc goes 25k 17k well see new cheaper price case like wanna bet one patience dont fomo buy crypto cryptotrading cryptocurrencies
FALSE,113,20,0,0,1,0,bearish,nft editorial hub singapore considers enhancing crypto consumer protection via suitability tests amp leverage cutsfrom nft
FALSE,16326,830,0,0,0,0,bearish,senator elizabeth warren wants enforcement sec crypto space
FALSE,99,578,0,0,2,0,bearish,asia crypto eod 29 augcrypto1 btc flirting 20k amp eth 14k btc saw decent exchange net outflows eth saw larger 500m withdrawn may slow selling pressure hash ribbons also indicate worse miner capitulation buy signal btc
FALSE,3595,150,0,0,2,0,bullish,anons nodls wanna talk crypto bounce back brighter times trust dms always open crypto
FALSE,23451,119,3,0,1,1,bearish,singapore says crypto ban retail likely workbitcoin
FALSE,304,1,0,0,0,0,bullish,argentinian province mendoza starts accepting tax payments cryptobitcoin
FALSE,735,3199,0,0,0,0,bearish,crypto general especially reflection bs tokens claim working utility steady taking everyones money making devs buddies rich la safemoon blockbuster
FALSE,434,373,0,0,0,0,neutral,yuup especially startup crypto guys seems overflowing ct
FALSE,0,13,0,0,0,0,neutral,2018 bought 10000000 cardano tokens completely forgot found today full audit crypto holdings want hold ada giving 10m away one random person likes retweets
FALSE,1,2,0,0,1,0,bullish,cyptocurrency btc eth crypto 123 1w lhis kind waiting love
FALSE,161,4474,0,0,0,0,bullish,good project strong team many many thanks team lbank airdrop crypto nutspay exchange lbankexchange giveway airdrops
FALSE,16,193,0,0,0,0,bearish,want hear 2 satoshis bear market good time reflect journey far time discover crypto personality compare others share answers short survey youll first find results
FALSE,64,85,0,0,0,0,bullish,something time buy crypto
FALSE,24,28,1,0,1,0,bearish,ava labs responds cryptoleaks allegations delusional conspiracy theory crypto bnb btc eth
FALSE,438,1026,1,0,1,0,bullish,2and one indispensable platforms comes optimism ecosystem synthetix synthetix defi protocol provides onchain exposure wide variety crypto noncrypto assets launched end 2017 premise many platforms
FALSE,2,12,1,0,0,0,bullish,excellent effort lot pottential teams dediicatiion ingenuity combinned exceptional fan support make envvy crypto worldglodao
FALSE,5053,5,2,0,2,0,bearish,market strategist expects stock market drop 50 says theres going middle class left binancesociety cryptonews nft ether altcoin web3 crypto bitcoin
FALSE,1258,275,2,0,0,0,bullish,crypto news journey future finance
FALSE,1050,1690,1,0,1,0,bullish,amazing projecttt quack richquack crypto nft nfts
FALSE,1258,275,2,0,0,0,bearish,crypto news investors irrationally oblivious crypto trading risks singapores financial regulator
FALSE,1258,275,1,0,0,0,neutral,crypto news calo metaverse debuts calo indoor second burntoearn project
FALSE,1258,275,1,0,0,0,neutral,crypto news mtv awards feature snoop dogg eminem bored apes first metaverse category
FALSE,29,19,1,0,0,0,neutral,binance virtuzone partner crypto payments inuae
FALSE,1258,275,1,0,0,0,neutral,crypto news litecoin outperformed bitcoin way think
FALSE,1258,275,1,0,1,0,neutral,crypto news heres whats store ethereum eth leading merge according analyst michal van de poppe
FALSE,4,1,1,0,0,0,bullish,argentinian province mendoza starts accepting tax payments crypto
FALSE,523,39,2,0,2,0,neutral,nfts nft balto crypto cryptocurrencyjoin discord join telegram 855 days 122015038492
FALSE,1258,275,1,0,0,0,neutral,crypto news cobo support cronos integration ecosystem
FALSE,1258,275,0,0,0,0,neutral,crypto news ripple ceo refutes whistleblower claims sec case verdict
FALSE,1249,1026,0,0,1,0,bullish,one thing admire way recognizes values quality many crypto projects focus illusion quantity rely cheap gimmicks create hype ankr prioritizes substance thats becoming formidable force web3ankbassadors ankr
FALSE,2,0,0,0,0,0,bearish,fake lunch seen overall stockcrypto market stop miserable get act together
FALSE,5,111,0,0,1,0,bullish,crypto world cant wait ethereums merge
FALSE,7,75,0,0,0,0,neutral,language problem many crypto users know many projects support english speaking community language plan use local communities raise awareness project among people different countries
FALSE,3943,113,0,0,0,0,bullish,argentinian province mendoza starts accepting tax payments crypto learn
FALSE,3321,1089,0,0,2,0,neutral,eth 20 merge forthcoming upgrade merge important mean future cryptos secondlargest blockchain
FALSE,1,12,2,1,5,0,bearish,going cheap nft 5 sunday friends dollars later cost 15 dollars good luck buying crypto nfts nft nftgaming nftmarketplace
FALSE,520,22,0,0,2,0,neutral,whats crypto space likecryptocurency nfts
FALSE,10271,616,0,0,0,0,neutral,mas doesnt trust retail crypto investments mulling regulations
FALSE,16,212,0,0,0,0,bullish,anyone holding quant quant qnt qnt give feedback thoughts elrond egld elrond gives vibes blue chip crypto anyone else
FALSE,618,1076,2,0,1,0,bullish,formula 1 joins metaverse nfts cryptocurrencies insurance financial services virtual clothing sports gear currency trading virtual currency services among othersnft nftnews metaverse web3 bitcoin cryptocurency crypto
FALSE,1709,3039,0,0,0,0,bullish,bkb blockombat p2eblockombat p2e play earn 3d multichain gamefi ecosystem nfts rewards aim revolutionizing gamefi industry drive adoption crypto play earn gaming industry
TRUE,14127,2,0,0,0,0,bearish,bitcoin worst performing crypto asset 2022 patriciatechnologies cryptocurrencies
FALSE,128,291,0,0,0,0,bearish,698 trillion supply 1 crypto market cap 798 trillion fact reveal crypto cap 950 billion kamal kartai ho pandaiji
FALSE,1853,3,0,1,0,0,neutral,cardano ada whale laced transaction output 13m 057m usd tx info support us stake peace pool stake sharpeasy1boostgmblfintech blockchain crypto
FALSE,833,4945,0,0,1,0,bearish,lets participate first game crypto frog event gamefi professional sidechain mts
FALSE,1,12,0,0,1,0,neutral,web30 digital bankpocket conducts community airdrop event joined gleam get airdrop contest yet gleam airdrop pocketinfinity crypto
FALSE,97,9,0,0,1,0,bearish,london woman loses 12000 crypto scammers messaged instagram
FALSE,404,253,0,0,0,0,bullish,wow many great news crypto community
FALSE,3372,4,1,0,0,0,neutral,bitcoin last price 19797 btc daily indicatorspivot fibonacci support 1 20003 s2 18603 s3 16337 middle 22269 resistance 1 24535ethereum last price 1445 ethpivot s1 1192 s2 1009 s3 712 1490 r1 1787crypto defi36224282
FALSE,1,28,0,0,0,0,neutral,web30 digital bankpocket conducts community airdrop event joined gleam get airdrop contest yet gleam airdrop pocketinfinity crypto
FALSE,9,328,0,0,1,0,neutral,entered airdrop competition think consider rmhtoken crypto giveaway airdrop whitelist
FALSE,478,630,0,0,0,0,bearish,came funny animal videos could show kids crypto stuff noise tbh
FALSE,7,1,0,0,0,0,bullish,trump one sued ripple right lost election trump also called crypto scam dollar sent treasury investors misinformed
FALSE,5815,6333,0,0,1,0,neutral,join round 8 vulkania crypto league try earn 12000 vlk vulkaniacryptoleague
FALSE,2852,3,3,0,3,0,neutral,us dollar index hits 20year high 10948 btc bitcoin hodler hodl hodlgang bitcoiner bitcoinerlife bitcoinerlifestyle crypto buythedip usdollar dxy dollarindex buybitcoin btcusd ethereum hodlbitcoin cryptocurrencies cryptotrading cryptocurrency eth
FALSE,27558,706,0,0,0,0,bullish,think fine presuming crypto key material fine
FALSE,263,243,0,0,0,0,bearish,historically september month crypto
FALSE,56,163,1,0,2,0,neutral,met permissionless spirited debate top barrier institutional adoption crypto think institutional grade infrastructure thinks reg vote
FALSE,706,2192,0,0,1,0,bullish,mendoza province argentina one first country implement digital system allows taxpayers execute payments operations crypto
FALSE,1624,1162,0,0,0,0,bullish,get addicted cryptocurrecy trading discusses crypto addiction influencers promoting crypto impacts mental health interview researchreimagined addiction
FALSE,7358,1255,0,0,1,0,bullish,jarl labs aims cover multiple facets within crypto sphere rune system jarl holders able generate passive income sacrificing jarl tokens usdc create runes
FALSE,523,39,14,0,13,0,neutral,nft nftcommmunity deltaflare p2e gamefi crypto nftart nftsjoin discord join telegram 12 days 225201284627
FALSE,348,155,2,1,3,0,bullish,polygon founder raises 50m earlystage web3 fundpolygon matic nfts blockchain investment tokenization web3 web3news web3africacommunity blockchaintechnology crypto
FALSE,39497,620,2,0,2,0,bullish,us giant liquid capital market world entire crypto ecosystem built usd emerging markets use usd store value higher yields major currencies safe properties procyclical properties jack trades master
FALSE,11,45,0,0,2,0,neutral,entered airdrop competition think consider rmhtoken crypto giveaway airdrop whitelist
FALSE,24,1945,0,0,2,0,neutral,entered airdrop competition think consider rmhtoken crypto giveaway airdrop whitelist
FALSE,20755,95,6,1,3,0,bullish,thats worktrading money art amp methodologyprice auctioned reversal simple retest bitcoin crypto
FALSE,66,309,1,1,1,0,neutral,todays crypto news album 29082022
FALSE,41,200,1,0,0,0,bearish,many altcoins 90 ath 86 makes scam trying say crypto scam thing
FALSE,693,2571,1,0,2,0,bullish,ethereums onexchange holdings rise ahead merge bitcoin crypto blockchain eth cryptocurrency cryptonews altcoins
FALSE,693,2571,1,0,1,0,neutral,klex goes live klaytn automated portfolio amp trading platform bitcoin crypto blockchain eth cryptocurrency cryptonews altcoins
FALSE,67,187,0,0,0,0,neutral,right man lot articles related crypto field
FALSE,3,7,0,0,2,0,bullish,brick brick stone stone level level rise usability ecofriendly truly vinu beginning creating generational wealth crypto cryptocurency memecoin 1000xgems
FALSE,486,418,0,0,1,0,bearish,let crypto dude die
FALSE,33,2564,0,0,1,0,neutral,entered airdrop competition think consider rmhtoken crypto giveaway airdrop whitelist
FALSE,1853,3,0,1,0,0,neutral,cardano ada whale laced transaction output 43m 188m usd tx info support us stake peace pool stake sharpeasy1boostgmblfintech blockchain crypto
FALSE,19226,18593,2,0,0,0,neutral,battle strategy football cryptocurrency fantasy football manager platform allstarsfantasy platformfantasygame fantasy gameon afc crypto football
FALSE,1853,3,0,0,0,0,neutral,cardano ada whale laced transaction output 160m 698m usd tx info support us stake peace pool stake sharpeasy1boostgmblfintech blockchain crypto
FALSE,7957,29,1,0,0,0,bullish,u accepting payments crypto many merchants already started accepting join start crypto payment journeybitcoinapi crypto cryptocurrency
FALSE,54,91,0,0,0,0,bullish,vix spiking put pressure riskon assets good buying opportunity equities crypto risktoreward basis volatility approaches resistance around 33 local bottoms nasdaq tend come volatility peaks
FALSE,1,2,0,0,1,0,neutral,cyptocurrency btc eth crypto ww lwish doesnt mean
FALSE,34,84,0,0,1,0,bullish,lucky bro awesome step growth crypto
FALSE,87,349,1,0,2,0,neutral,think sampp goes 3930 get bounce stocks amp crypto
FALSE,535,274,2,1,1,1,bullish,good morning fairfighters amp crypto pplsit monday persistence superpower lets get relentlessly today btw whats situation around avaxcryptonews defi
FALSE,863,171,3,0,0,0,bullish,singapores central bank wants foster digital assets restrict crypto speculation cryptospeculation centralbank central cryptonews
FALSE,50652,2280,3,0,2,0,bearish,ethereum supply zone could last eth crashescrypto ethereum cryptonews eth cryptocurrency cryptocurrencies cryptocurency
FALSE,5,39,1,0,1,0,bearish,singapore tighten retail access cryptocurrencies think consumer harm couldnt reduced places wellcrypto stockmarketcrash investingnews bitcoin bitcoincrash
FALSE,130,6,0,0,0,0,neutral,siya kolisi teams luno itonline crypto investment app luno teamed springbok rugby captain siya kolisi launch educational campaign encourages south africans
FALSE,461,70,3,0,3,0,neutral,bezoge burning 1 rewarding holders 1 every transaction legendsofbezogia bezoge playtoearngames crypto playtoearn nfts play2earn crypto rent2earn r2e p2e saitama shib shibainu doge floki altcoin etherium cryptocurrency binance
FALSE,40,161,0,0,0,0,bullish,usdt spend crypto buy
FALSE,518,1218,0,0,1,0,bearish,us dollar hits new 20year high 5 things know bitcoin week crypto bitcoin ethereum
FALSE,518,1218,0,0,1,0,bearish,looks bare opensea turns nft ghosttown volume plunges 99 90 days crypto bitcoin ethereum
FALSE,2957,12,1,0,0,0,bearish,mt gox creditors dismiss rumors massive bitcoin dumpbinancegossip crypto bitcoin cryptocurrency cryptocurrencies cryptonews
FALSE,518,1218,0,0,1,0,bearish,mas doesnt trust retail crypto investments mulling regulations crypto bitcoin ethereum
FALSE,518,1218,0,0,1,0,bearish,ripple ceo comments crypto leaks denies funding law firm target others crypto bitcoin ethereum
FALSE,518,1218,0,0,1,0,bullish,dubai issues crypto marketing rules better protect investors crypto bitcoin ethereum
FALSE,2946,198,4,3,0,0,neutral,scams exist everywhereprices change everythinginvestments risky everytimeits people exaggerate things comes cryptocrypto cryptocurrency whynotcrypto
FALSE,418,179,0,0,0,0,neutral,good morning crypto
FALSE,51,2679,0,0,1,0,neutral,lets participate first game crypto frog event gamefi professional sidechain mts
FALSE,20,107,0,0,0,0,bullish,thiis excellent effort lot potential teamss dedication ingenuity combined wiith excepptionall fan support make envy crypto worldglodao
FALSE,296,488,0,0,1,0,bullish,gm crypto holders back grind focus ever toast grind lets get
FALSE,2567,1,1,0,0,0,neutral,top bottom crypto funding rates full update see discord
FALSE,0,76,1,0,0,0,bullish,excelllent effort lot potentiial teams dedicatiion ingenuity combined exceptional fan support make ennvy thhe crypto worldglodao
FALSE,15154,490,1,0,0,0,bullish,tech ethiopia sets 10day window registering crypto services per newly ratified law ethiopia information network security administration insa begun register crypto service providers
FALSE,625,345,1,0,1,0,neutral,today 3 hours well crypto lamb show talk paint huffing degenerate 2s nftgiveaways
FALSE,18,1025,1,0,0,0,neutral,many projects problems uiux one turns new users plan improve interaction new users users outside crypto space
FALSE,328,43,4,1,0,0,neutral,150 rtlikes 250 giveaway combine rtlikes read rulesmlb gamblingtwitter giveaway giveaways competition goals rt like twitter win crypto bitcoin vmas fun lol love fitness help equal
FALSE,0,7,0,0,0,0,neutral,entered airdrop competition think consider rmhtoken crypto giveaway airdrop whitelist
FALSE,115,314,1,0,0,0,neutral,whales buy crypto 510 tax 12 nothing
FALSE,192,4893,2,0,1,0,neutral,quack crypto nft nfts
FALSE,5160,56,0,0,0,0,bearish,bitcoin cash loses 10 last 24 hours despite 40 hike trading volumecrypto cryptocurrencies cryptonews
FALSE,4,14,0,0,0,0,bearish,youve lost 20k youll need 11 years make money back know crypto youre ruining blind trust literally right front ask
FALSE,76,300,2,0,1,0,bearish,crypto alert bollinger bands breakout alert 1h pair xlmusdtcrypto nft binance cryptocurrency
FALSE,2215,3477,3,1,2,0,neutral,get nodes fired running node might earn pkbit coins make eligible nft airdrops soon info way rvn rvn crypto proofofwork
FALSE,1,2,0,0,0,0,bearish,time time cyptocurrency btc eth crypto w past
FALSE,1723,76,0,0,0,0,neutral,atm termstructure bitcoin crypto august 26 2022cme btc
FALSE,1036,1730,0,0,0,0,bullish,1 platform freaking love trading crypto never delisted xrp xrpcommunity xrparmy
FALSE,0,152,0,0,0,0,neutral,web30 digital bankpocket conducts community airdrop event joined gleam get airdrop contest yet gleam airdrop pocketinfinity crypto
FALSE,363,4072,2,1,3,0,neutral,look meme created eth merge contest theres 2000 usd prizes check meme hereethereummerge contest giveaway nudesarmy nudes eth ethereum crypto memes eth merge
FALSE,4575,41,5,3,0,0,neutral,results 1 hindunilvr sl hit 2 powergrid still range 3 adanient gap 4 boschltd gap retweet like follow tagsstockmarket nse trading intradaytrading daytrading results crypto investing
FALSE,513,320,1,1,2,0,neutral,usdt treasure chest share friendslets get treasures togethergiveaway giveaways airdrop nfts crypto click join
FALSE,79,308,1,0,1,0,bullish,algorand 3872 soon crypto
FALSE,2240,972,0,0,0,0,bullish,bank korea calls institutional issuance crypto icos signaling end bans
FALSE,1853,3,0,0,0,0,neutral,cardano ada whale laced transaction output 43m 188m usd tx info support us stake peace pool stake sharpeasy1boostgmblfintech blockchain crypto
FALSE,33,120,0,0,0,0,neutral,crypto highlights today cryptocurency news site creativeseasonofficial site undergoing maintenanceavax
FALSE,1853,3,0,0,0,0,neutral,cardano ada whale laced transaction output 14m 064m usd tx info support us stake peace pool stake sharpeasy1boostgmblfintech blockchain crypto
FALSE,52,694,0,0,1,0,neutral,entered airdrop competition think consider rmhtoken crypto giveaway airdrop whitelist
FALSE,11443,10169,2,0,3,0,bullish,breaking metaverse newsbelfast business launches matt hancock metaverse belfast news letter web3 vr ar ai blockchain crypto nft meta metaversenft nftcommunity digital python tensorflow fintech
FALSE,69849,17250,0,0,0,0,bullish,wan send crypto gc join
FALSE,38,965,2,0,0,1,bullish,richquack crypto nft nfts amazing project seems bullish
FALSE,8255,1,12,2,1,0,neutral,breakdown soon stocks fno listjswsteelramco cementsicici banksiemensfollowfor setupsretweetliketagsstockstobuy nifty stocksmarkets trading investing stockstowatch crypto nse bse stocks
FALSE,5,35,0,0,0,0,neutral,name 70 crypto assets cannot withdrawn responsibility towards buyers 70 crypto assets
FALSE,26420,116,0,0,1,0,bearish,btc bitcoin back 20000 hawkish fed weighs crypto
FALSE,592,567,0,0,0,0,neutral,whose benefit luxurious life clergies know problem crypto secular anti hindumakri
FALSE,18433,500,1,0,1,0,neutral,lmao women dont know nothing crypto trading
FALSE,108,571,0,0,1,0,bearish,lol ppl still backing clowns cancer crypto hold bags
FALSE,289,779,1,0,1,0,bullish,also looked noone knew trusted could really explain crypto whereas parents worked banking business studies understand basics could easily learn wanted crypto still seems hard learn
FALSE,93,84,0,0,0,0,bearish,crypto going moon yearartemis
FALSE,214,463,0,0,0,0,neutral,dont use crypto wallet bruh
FALSE,167,28,0,0,0,0,bullish,samsung planned launch crypto exchange in2023
FALSE,65,179,0,0,1,0,neutral,anyone writing article nfts stop using bored apecrypto punk images want engage broader audience
FALSE,87,36,0,0,0,0,neutral,much confusion metaverse many think exclusively reserved entertainment gamesonly 2 days away techies oi talk6 find experts think metaverseregister nfts web3 crypto
FALSE,495,323,0,0,0,0,neutral,recently started downloading torrents dont remember last time maybe year ago download speeds bs kbs max bittorrent utorrent related crypto shit
FALSE,8,12,4,0,1,0,bearish,crypto lender freezes withdrawals eyes restructuring galaxyheroes ghc
FALSE,4213,1206,1,0,2,0,bullish,formula one trademark filing paves way f1 nftsbitcoin ethereum btc eth crypto cryptonews
FALSE,405,1031,1,0,0,0,neutral,hope amazing weekend wish candle 551 nft nftart metaverse digitalart opensea polygon wishcandle investment nftcollectibles design nftcrypto crypto nftcollection dragrace dragqueen drag
FALSE,5,1,0,0,0,0,bullish,formula 1 dive deeper crypto andnfts
FALSE,3,162,0,0,0,0,neutral,crypto people talking
FALSE,6198,1469,0,0,0,0,bullish,recognize ones want regulate want decentralization crypto us
FALSE,54,159,0,0,0,0,bullish,excellent effort wwith lot oof potential teams dedication ingenuity combined exceptional fann support make thee envy oof crypto worldglodao
FALSE,1047,1141,1,0,0,0,bullish,last ath new people marveling ogs got early held feels like half timeyour actions determine feel like next ath yr prayers hv heardsaitama btc crypto
FALSE,149,77,1,0,1,0,bullish,whenever see african governments trying regulate crypto services shows accept cryptobitcoin stay sign need action
FALSE,21058,6,5,3,1,0,neutral,transactions take place crypto approves transactions supply cryptocurrency maintainedlearn blogcryptotwitter blockchain cryptocurrency crypto
FALSE,912,1370,0,0,0,0,bearish,mas doesnt trust retail crypto investments mulling regulations
FALSE,912,1370,0,0,0,0,bearish,ripple ceo comments crypto leaks denies funding law firm target others
FALSE,912,1370,0,0,0,0,bullish,dubai issues crypto marketing rules better protect investors
FALSE,196,2743,0,0,0,0,bearish,modern politicians cryptojews occult goyim
FALSE,427,4181,0,0,2,0,neutral,ive joined airdrop super app ios android give us ability use crypto pay daily purchases instantly feeless running win prize
FALSE,32,617,0,0,0,0,neutral,project convince people little knowledge crypto currency partake project
FALSE,74,212,0,0,0,0,neutral,binance volumeof crypto exchanges start trading
FALSE,101,262,0,0,1,0,bearish,head bitcoincrypto thing
FALSE,48,523,2,0,1,0,neutral,quack crypto nft nfts
FALSE,46,1584,1,0,1,0,neutral,quack crypto nft nfts
FALSE,105,8,0,0,1,0,neutral,listed pudgypenguins rarity rank 6544 8888 price 348 eth thats 4194 weekly averagecrypto nftart tothemoon
FALSE,842,350,0,0,0,0,bearish,accepting crypto vendor perspective weve recently decided stop accepting coinyarcom feedburner
FALSE,99,2,0,0,0,0,bearish,ripple ceo comments crypto leaks denies funding law firm target others btc miningfirm avalabs charleshoskinson mainnetupgrade fundinglawfirm fintwit
FALSE,86,267,1,0,2,0,neutral,ethereum price update eth 17116 usdbitcoin 007932048 btcfollow recent eth price updatesaltcoin cryptocurrency crypto
FALSE,34,1212,1,0,1,0,neutral,quack crypto nft nfts
FALSE,1515,1495,0,0,0,0,bullish,want part strongest community crypto team absolutely insane wanna along ride
FALSE,46,235,0,0,0,0,neutral,join round 8 vulkania crypto league try earn 12000 vlk vulkaniacryptoleague
FALSE,371,35,0,0,2,0,bullish,bull side still high correlation thoughts nonetheless thinking end bear might majority thinking might wrong endcrypto finance btc btc spx dji
FALSE,90,387,3,0,1,0,bullish,fintech firm lightnet group gets 50m lda capital boost velo protocols tech crypto cryptonews cryptotrends nft nftnews nftrelease nftdrop altcoin airdrop nftproject nftartist nftcommunity cnft cnftcommunnity
FALSE,1966,0,4,1,1,0,neutral,winning team tournament classic gameweek b great example wellchosen captain affects outcome congratulations winners fantasy fantasyfootball football bitcoin crypto premierleague doge usdt eth cryptofantasy
FALSE,1,2,1,0,0,0,bullish,although rains throw cyptocurrency btc eth crypto 123 ijw l away watering pot
FALSE,1006,1739,2,0,0,0,neutral,thats low pick rate think good measurement would example 100 crypto players rp 595 take example top 100 horizon players check rp instead checking 100000 horizon players
FALSE,28,800,1,0,1,0,neutral,quack crypto nft nfts
FALSE,3155,389,0,0,0,0,bullish,xdb blockchain project currently transitioning chaincurrently 7m mc spending 140m ecosystem growth xdb bigger partnerships 1bn mc projectsthis unseen crypto
FALSE,82,1976,2,0,1,0,neutral,quack crypto nft nfts
FALSE,1853,3,0,0,0,0,neutral,cardano ada whale laced transaction output 14m 065m usd tx info support us stake peace pool stake sharpeasy1boostgmblfintech blockchain crypto
FALSE,0,38,0,0,0,0,neutral,entered airdrop competition think consider rmhtoken crypto giveaway airdrop whitelist
FALSE,4,74,0,0,0,0,neutral,williamsburg crypto bros start week getting pumped obnoxious obnoxiouser ghost luxury fitness lounge
FALSE,2,9,0,0,0,0,bullish,excellent effort loot potential teams dedication ingenuity combinedd exceptional fan suupport wwill make envy crypto woorldglodao
FALSE,95,192,0,0,1,0,bullish,convenient fix profits usdt also convenient send usdt brother crypto wallet dont use doesnt mean nobody needs
FALSE,101,722,0,0,1,0,bullish,anyone upcoming gamefimetaverse projects like currently built almost launch crypto gamefi defi cryptocurency p2e launchpads videogames questions
FALSE,11,3,0,0,0,0,neutral,ilies larbis crypto exchange ouinex seeks 1m preicoround
FALSE,484,42,1,1,0,0,bullish,trading crypto something trying make easier less complicated everyoneetc btc eth eos xrp bch sl doge tp yfi fud ftm
FALSE,2259,2907,0,1,0,0,neutral,check point research detects crypto miner malware disguised google translate desktop legitimate applications check point research
FALSE,20,158,0,0,0,0,neutral,features get develop blockchain innosoft groupease operation costeffiecient development speedy transactionsimmutability data control facilitytraceabilityenhanced securityvisit blockchain crypto
FALSE,59,0,0,0,0,0,bullish,f1 files two nft cryptorelated trademarks coinspeaker
FALSE,1712,1866,0,0,1,0,bullish,transfer usdt account crypto wallet
FALSE,3587,4996,0,0,0,0,bullish,dude retired since 2003 money crypto
FALSE,41,185,2,0,0,0,bullish,play great metaverse moment playing earn u havent account join nft crypto p2e freecrypto metaverse
FALSE,82,1976,1,0,1,0,neutral,quack crypto nft nfts
FALSE,76,2,1,0,1,0,neutral,current data dexit price 00017 usd markcetcap 00 usd 24 hour volume 461741 usd 24 hour change 286 last updated 20220829 113523077599dexit dexitarmy coingecko coinmarketcap dxt crypto btc bnb eth
FALSE,337,944,2,0,4,0,neutral,ethereum long trade eth showing bullishdivergence 4h timeframe hiddenbullishdivergence 12h target tp zone 1500 1590 nfa dyor trading crypto cryptocurrency markets altcoins altcoin
FALSE,4998,5,0,0,0,0,bullish,thank support crypto enthusiasts ended first round public offeringthe second round public offering held 10 31 august 30th price buy 231 congratulations partner holds bunny nft get 5 commission
FALSE,3,12,0,0,0,0,bullish,excelleent effort lot potential teamss dedicationn ingenuity combinned exceptional fan support make envyy crypto world
FALSE,6715,6729,0,0,0,0,bullish,dokdo defis crosschain liquidity empowering influence network permits clients procure build interest crypto possessionsdkd dokdo xeggex bscgem binancesmartchain bsc staking solar
FALSE,3372,4,1,0,1,0,neutral,bitcoin last price 19798 btc weekly indicatorspivot fibonacci support 1 32076 s2 22276 s3 6412 middle 47940 resistance 1 63804ethereum last price 1446 ethpivot s1 1550 s2 570 3137 r1 4724 r2 5704crypto defi66224279
FALSE,98,5,0,0,1,0,neutral,binancecoin price update bnbbnb 2734 usdbitcoin 001381 btcethereum 018901 ethaltcoin crypto cryptocurrencyfollow recent bnb price updates
FALSE,1,2,1,0,1,0,bullish,love without cyptocurrency btc eth crypto 1 ww end hath end
FALSE,348,155,1,1,1,0,bullish,kucoin ventures announces investment pixie web3 version tiktok sociafi nfts blockchain investment tokenization web3 web3news web3africacommunity blockchaintechnology crypto
FALSE,18,2085,0,0,1,0,neutral,entered airdrop competition think consider rmhtoken crypto giveaway airdrop whitelist
TRUE,119338,1304,5,3,4,0,bullish,managing director singapores monetary authority said monday innovation regulations incapable coexisting discussing regulate crypto industry
FALSE,1715,1,0,0,0,0,neutral,current bitcoin price 19819 btc crypto
FALSE,119,81,2,0,0,0,neutral,another important step fxcore gravity bridge dai c98 link eurs thx functionx validatorsfx fxevm crosschain crypto
FALSE,82,1976,1,0,1,0,neutral,quack crypto nft nfts
FALSE,1303,1,0,0,0,0,neutral,cocosusdt cocos signal 6 last signal 14 mins ago 068730000 074730000 873 volume chng 372859 usdt 1593 daily price chng 1667 volume 2491523 usdt pro crypto bitcoin btc eth
FALSE,57,2505,1,0,1,0,neutral,nice quack crypto nft nfts
FALSE,22,27,0,0,1,0,bullish,altcoin buy week help crypto guys
FALSE,1210,159,0,0,0,0,bullish,us uk deepen ties crypto regulation says british regulator regulation bitcoin news
FALSE,11857,36,1,0,0,0,bullish,biggest goat crypto
TRUE,6985,1484,0,0,0,0,bearish,minister fights crypto mining operation east tennessee
FALSE,5,7,0,0,1,0,neutral,shiny fun fact follow us startup germany ico germany funfact krypto deutschland eth erc20 web3 blockchain whitepaper future startups crypto cryptocurrency cryptonews global solution invest finance investieren
FALSE,161,3307,0,0,2,0,neutral,ive joined airdrop super app ios android give us ability use crypto pay daily purchases instantly feeless running win prize
FALSE,98,449,1,0,1,0,bullish,people afraid buy right keep dollar cost averaging one thinks crypto going 0 want cheaper prices know value market xrp hbar qnt
FALSE,1088,0,0,0,0,0,neutral,join youdex visit exchange dex game gaming gamer gameprojcets newgames cryptocurrencies crypto swap
FALSE,87,1508,0,0,0,0,neutral,entered airdrop competition think consider rmhtoken crypto giveaway airdrop whitelist
FALSE,1,2,0,0,0,0,bullish,togehter fu cyptocurrency btc eth crypto ijw lrthest distance
FALSE,32,5,0,0,0,0,bullish,dubai announced new regulatory guidelines promotions crypto assets vara
FALSE,307,1090,1,0,0,0,neutral,bitcoin fear greed index 24 fearcurrent price 19817btc bitcoin crypto cryptocurency
FALSE,17769,38,0,0,0,0,bullish,decided bearmarkets crypto investors invest cryptocurrencies chose far year
FALSE,5,96,0,0,0,0,neutral,large audience understand english language interested crypto created planned create local communities include audience project
FALSE,0,154,0,0,0,0,neutral,web30 digital bankpocket conducts community airdrop event joined gleam get airdrop contest yet gleam airdrop pocketinfinity crypto
FALSE,1415,735,1,0,0,0,bullish,digital natives fine shot vc firms succeeded way crypto crypto native bought early cryptopunk got aave loan
FALSE,1,2,0,0,1,0,neutral,crypto people talking
FALSE,47,150,0,0,0,0,bullish,jayads group companiesadscoin pride india break records crypto world
FALSE,3860,5,2,0,3,0,neutral,metaverse nfts daoswhats going rule crypto market 2023maybe time think
FALSE,292,273,1,0,1,0,bearish,merge divides ethereum users process playing theethereum upgrade seems divide emerging retail professional markets week seen crypto
FALSE,3,6,1,0,0,0,bullish,argentinian province mendoza begins accepting tax funds crypto information bitcoininformation
FALSE,90,387,3,0,2,0,neutral,crypto emergency video cpi inflation report shibainu dogecoin crypto crypto cryptonews cryptotrends nft nftnews nftrelease nftdrop altcoin airdrop nftproject nftartist nftcommunity cnft cnftcommunnity
FALSE,70,116,2,0,1,0,bullish,journey goes ondyor grab bag legit crypto mining project space ausmtv2 btc bnbbscgemgreenbtcgreennrgausmaussiemining
FALSE,9,16,1,0,0,0,bullish,formula 1 dive deeper crypto andnfts
FALSE,1,2,0,0,0,0,bullish,never cyptocurrency btc eth crypto ijw stop smiling even
FALSE,1023,4770,1,0,0,0,neutral,day crypto community gathering event find
FALSE,663,3372,0,0,0,0,neutral,read crypto since 2012
FALSE,1775,3405,10,2,3,0,bullish,great meeting crypto ogs india chatted offer best possible hardware wallet experience thanks
FALSE,300,402,0,0,0,0,bearish,crypto bottom
FALSE,144,27,0,1,1,0,bullish,worlds upcoming expo going organized singaporewhere one discover new crypto arbitrage trading opportunities make bettergct crypto arbitrage trading exchange going participate upcoming crypto expo gct
FALSE,24,28,0,0,0,0,bearish,grayscale designated 3 coins securities crypto bnb btc eth
FALSE,991,4640,0,0,1,0,neutral,13 different projects come far pdex dot ksm teer glmr sdn astr bnc aca kab otp tnkr sub heres still due icz cru kyl cto hko ampe baju listen dhx hope helps fren crypto dot ksm
FALSE,1853,3,0,0,0,0,neutral,cardano ada whale laced transaction output 13m 057m usd tx info support us stake peace pool stake sharpeasy1boostgmblfintech blockchain crypto
FALSE,474,8,0,0,1,0,bearish,bitcoin happens dirty corrupt wall street gets involved manipulation finestdirty elitesblackrock fidelity etcsatoshi disgusting youve let wall street take controlbtc crypto xrp eth ada dogedirty corrupt wall street always
FALSE,704247,17592,0,0,2,0,bullish,avanzo real estate investing solution crypto market leveraging blockchain technology make investing sector fast easy secure amp reachable wide range people around globejoin ustwitter youtube
FALSE,2159,5,0,0,0,0,bearish,ripple ceo comments crypto leaks denies funding law firm target others
FALSE,72,188,0,0,0,0,bullish,crypto become inflation hedge yet bitfinex pulse
FALSE,1238,68,0,0,1,0,bullish,crypto strategy iconomi outperformed btccheck herecryptotrading bitcoins bitcoinmining ethereum
FALSE,1754,63,0,0,2,0,bullish,defi refers financial services goods available anyone internet connection utilize ethereum defi alwaysopen markets centralized authorities may prevent making payments gaining access anything xtnigeria crypto
FALSE,207,4988,0,0,3,0,neutral,ive joined airdrop super app ios android give us ability use crypto pay daily purchases instantly feeless running win prize
FALSE,2482,4947,0,0,0,0,bullish,crypto strategy iconomi outperformed btccheck hereinvestment investing bitcoinnews bitcoins
FALSE,262,1665,1,0,0,0,bearish,ripple ceo comments crypto leaks denies funding law firm target others
FALSE,1,2,0,0,0,0,neutral,idea cyptocurrency btc eth crypto 1ijw lf
FALSE,893,360,0,0,0,0,bearish,ripple ceo comments crypto leaks denies funding law firm target others
FALSE,1853,3,0,0,0,0,neutral,cardano ada whale laced transaction output 10m 044m usd tx info support us stake peace pool stake sharpeasy1boostgmblfintech blockchain crypto
FALSE,27,12,0,0,0,0,bullish,united states doj targets cryptocurrency fraud report cites recent crypto crime trends
FALSE,1071,4,0,0,0,0,neutral,new listingkumu listed coinmarketcap superapiv2more info bioau bitcoin autocrypto crypto cryptocurrecy bnb tothemoon bsc bscgem gem altcoin token
FALSE,73,186,2,1,3,0,bullish,vgx breakout 1hr chart lets send tell nasa shes ready lift bond ach mir bsw steem btc eth luna lunc usdt ustc bnb busd sol doge waves hive orn trx xrp avax rep forth wnxm bel op ldo crypto
FALSE,1853,3,0,0,0,0,neutral,cardano ada whale laced transaction output 43m 188m usd tx info support us stake peace pool stake sharpeasy1boostgmblfintech blockchain crypto
FALSE,8,24,0,0,0,0,bullish,argentinian province mendoza starts accepting tax payments crypto news bitcoinnews
FALSE,71,92,0,1,1,0,neutral,domain coinedition crypto ethereum ensdomains
FALSE,3547,182,0,0,0,0,neutral,price change price cocosusdt go 192 previous price 0734 current price 07202cocos cocosusdt crypto pricegodown
FALSE,789,3310,3,0,1,0,bullish,amazing richquack crypto nft nfts
FALSE,585,866,1,0,0,0,neutral,depends youre talking crypto world events lot stuff happening across globe censored mainstream media something important example dutch farmer protests worldwide news remaining hidden world view
FALSE,3547,182,1,0,0,0,neutral,price change price cosusdt go 205 previous price 000698 current price 000684cos cosusdt crypto pricegodown
FALSE,2412,660,5,0,2,0,neutral,binance nft accountcoming soonnftart collection binancenft follow nftcommumity nftcollector bnbchain binance binancesmartchain crypto bnbmemo
FALSE,1121,27,3,0,0,0,bullish,crypto beautiful name dot com
FALSE,68,340,4,0,3,0,neutral,1st multiverse metafi project crypto space sekuya skuy rare amp ultra rare nft multiverse metafi web 30 rwanft p2e ecosystem companybacked 5 skuy rewards skuy sekuya multiverse nft ggwp
FALSE,237,1656,3,0,2,0,neutral,quack crypto nft nfts congratulations
FALSE,4575,41,5,3,0,0,neutral,results 1 bajfinance gap 2 tataconsum gap 3 bhartiartl gap 4 britannia made high 192retweet like follow tagsstockmarket nse trading intradaytrading daytrading results crypto investing
FALSE,103,2025,3,0,1,0,neutral,quack crypto nft nfts
FALSE,1071,4,0,0,0,0,neutral,new listingautos listed coinmarketcap superapiv2more info bioau bitcoin autocrypto crypto cryptocurrecy bnb tothemoon bsc bscgem gem altcoin token
FALSE,112,450,0,0,0,0,neutral,funny ive hodling crypto bfx 5 years
FALSE,7087,1133,0,0,1,0,neutral,dx 16bonds weakerstocks dn 80 125 bpsgc dn 10si dn 37chg dn 3energy flatng 7ccrypto saturdaycontinuation lack news
FALSE,30,5000,0,0,1,0,neutral,ive joined airdrop super app ios android give us ability use crypto pay daily purchases instantly feeless running win prize
FALSE,37,1,0,0,0,0,bullish,argentinian province mendoza starts accepting tax payments crypto
FALSE,1126,30,1,0,2,0,bullish,gammax raises 4m launch crypto derivatives exchange ethereum layer2 solutionthe new derivatives trading platform aims combine core features dex elements centralized cryptocurrency exchangecrypto bitcoin eth xrp nft nftnews
FALSE,629,196,3,1,0,0,bullish,cheemsinu cheems coming take charge alt season crypto
FALSE,237,1656,2,0,1,0,neutral,quack crypto nft nfts nice project
FALSE,52,1,0,0,0,0,bullish,argentinian province mendoza starts accepting tax payments crypto news bitcoinnews
FALSE,4,6,0,0,0,0,bullish,guuyys buuilt great prroject helped connfidence crypto projects
FALSE,131,103,0,0,0,0,neutral,crypto week summary bitcoin ethereum sink feds crazy friday
FALSE,1,2,0,0,0,0,neutral,som cyptocurrency btc eth crypto 123 1ij ww leone new hoping person knows
FALSE,131,103,0,0,0,0,bearish,taliban criminalizes crypto afghanistan starts arresting traders
FALSE,1071,4,0,0,0,0,neutral,new listingread listed coinmarketcap superapiv2more info bioau bitcoin autocrypto crypto cryptocurrecy bnb tothemoon bsc bscgem gem altcoin token
FALSE,1418,296,3,0,0,0,bullish,eat sleep crypto
FALSE,237,1656,5,1,3,0,neutral,quack crypto nft nfts good work
FALSE,131,103,0,0,0,0,bearish,singapores mas considers tougher crypto regulations
FALSE,577,2220,0,0,2,0,neutral,ive joined airdrop super app ios android give us ability use crypto pay daily purchases instantly feeless running win prize
FALSE,31,176,5,1,1,0,neutral,squack crypto nft nfts
FALSE,219,140,0,0,1,0,neutral,gammax raises 4m launch crypto derivatives exchange ethereum layer2solution
FALSE,305,4198,4,0,1,0,bullish,quack nominated bullish meme token lastand future must buy token iya crypto coins best nft nfts
FALSE,219,140,0,0,0,0,bearish,singapore considers stricter crypto regulations protect retailtraders
FALSE,1085,1127,0,0,2,0,bullish,hope crypto people tell oh let take remaining chin chin left
FALSE,523,39,6,2,1,0,neutral,nfts nft balto crypto cryptocurrencyjoin discord join telegram 855 days 122538666247
FALSE,42,950,4,0,1,0,neutral,good luck quack crypto nft nfts
FALSE,1141,262,0,0,0,0,bullish,next big power crypto rbxsamurai rbxs rbxsamurai
FALSE,4545,10,0,0,0,0,bearish,crypto coin avax drops 11 selfdescribed whistleblower says avalanche weaponized litigation rivals avalanchechain avax avax avalanche avaxholicnews
FALSE,31,160,0,0,0,0,neutral,tribe new wave crypto pirates found blockchain glitch get wallet xummwallet
FALSE,5,0,0,0,0,0,bullish,crypto community hottest one week shinja shibnobi kishu inukishu yooshi yoos
FALSE,130,330,0,0,1,0,bullish,retail investors major players crypto
FALSE,348,155,1,0,1,0,bearish,100 million worth nfts stolen past yearnfts blockchain investment tokenization web3 web3news web3africacommunity blockchaintechnology crypto
FALSE,30,66,0,0,2,0,neutral,crypto people talking
FALSE,2093,9,0,0,1,0,bullish,argentinian province mendoza starts accepting tax payments incrypto
FALSE,6,18,0,0,2,0,bullish,highlights brief crypto journey1 looked many projects 2found rabbit hole marked qnt 3 stopped looking 4 bought qnt 5 wrote tweet
FALSE,79,1961,0,0,0,0,bullish,imov x crypto gear eh bearrjoin task ga comoletosbaby step giant steps first good luck menngproof superluckymanbethefirst bismillah
FALSE,575,5001,4,0,1,0,bullish,believe faithful projectthe projector lot attractions hopefully project better future besti love quack crypto nft nfts
TRUE,2664657,916,38,18,25,2,bullish,mendoza province argentina one first country implement digital system allows taxpayers execute payments operations crypto
FALSE,1,2,1,0,1,0,bullish,good head industrious hand cyptocurrency btc eth crypto 123 w lworth gold land
FALSE,2066,296,1,0,1,0,bearish,crypto histogram breadth heavily oversold short medium term today bears cool dem jetspma4tw via
FALSE,31,176,4,0,1,0,neutral,squack crypto nft nfts
FALSE,3547,182,0,0,1,0,neutral,increase tradesiostusdt 2667 increase number trades going throughprevious total trades 24current total trades 640average trades 229market price 001317buyers 24sellers 76iost iostusdt crypto
FALSE,317,808,1,0,1,0,bullish,personally feel stigma around blockchain adoption tax mafia behind crypto adoption one major issue government give winwin situation new technology theyll grow faster pace dont seem
FALSE,250,100,0,0,1,0,bullish,gammax raises 4m launch crypto derivatives exchange ethereum layer2solution
FALSE,13699,13101,0,0,0,0,bullish,topstory mobilepayments singapores central bank wants foster digital assets restrict crypto speculation
FALSE,93,65,0,0,2,0,bullish,bitcoin holdcrypto ethereum falconswaps
FALSE,89,30,0,0,0,0,neutral,gensler says crypto treated like market 200 sec lawsuits say otherwise via
FALSE,6,34,0,0,0,0,bullish,yyou guys hhave built great project helped haave confidence inn crypto projeectsglodao
FALSE,31,176,5,0,0,0,neutral,squack crypto nft nfts
FALSE,1,17,0,0,1,0,neutral,ive earned 17 far learning crypto see much earn
FALSE,7875,2677,2,0,1,0,neutral,oops survey conducted according report total sample 2042 indian adults aged 18 60 october 2021 june 2022 included 1541 selfidentifying crypto investors 501 cryptocurious consumers
FALSE,2085,9,5,6,1,0,bullish,smart contracts blockchain used many industriesmetaverse iot iiot 5g crypto nfts ai datascience coding programming engineering bigdata machinelearning analytics innovation smartcity 100daysofcode web3
FALSE,18,181,0,0,0,0,bullish,different innovations developments project bring crypto world important advantage think future
FALSE,121,159,0,0,0,0,bullish,body choiceexcept comes taxes gun ownership god palestinianisraeli conflict ukraine obamna crypto 5 dollars gallon thats someone else step
FALSE,4386,2001,4,1,0,0,bullish,pay attention founders stick around build quiet times theyre ones make itnft crypto
FALSE,21,118,0,0,0,0,neutral,language problem many crypto users know many projects support english speaking community language plan use local communities raise awareness project among people different countries
FALSE,18801,74,6,3,2,0,bullish,shipped top notch p2p marketplace buy sell tatcoin bitcoin usdt crypto currencies go pay receive cash right favorite payment gatewayits secure safe easy navigate p2p usdt
FALSE,2664,4990,2,1,0,0,neutral,k0de ser token bot dropped deploy token lt 1 min plus utilities announced tg k0de k0deerc defi crypto eth
FALSE,6202,3161,1,0,1,0,bearish,oh ur crypto account ur safe
FALSE,133,335,1,0,1,1,neutral,decrypt week crypto twitter israeli regulators know insolvent celsius bitboy really let atozy hookvia
FALSE,4463,5001,3,0,1,0,bullish,engagement nuts nft crypto community app
FALSE,1791,295,0,0,0,0,bullish,bscnews rt esports become wildly popular blockchain gaming getting involved partnered strengthen reach community crypto sponsored gamefi bnbchain playtoearn cryptonews
FALSE,1036,1730,0,0,0,0,bullish,nice lots talk lately cspr crypto cryptocurency
FALSE,205,2203,0,0,2,0,neutral,ive joined airdrop super app ios android give us ability use crypto pay daily purchases instantly feeless running win prize
FALSE,5,37,0,0,0,0,neutral,crypto scam slow growth lost days purpouse buy low sell high borrowing else expect
FALSE,3110,0,7,2,3,0,neutral,selling twitter accountdm interested zonuang ratzone socmed lfbuyer bnb nft crypto tether btc trx metaverse p2e
FALSE,3155,389,0,0,0,0,neutral,xdb blockchain project currently transitioning chaincurrently 7m mc spending 140m ecosystem growth xdb bigger partnerships 1bn mc projectsthis unseen crypto
FALSE,57,730,0,0,0,0,neutral,usdt binance huobi crypto wallet platform make usdt grow capital 11usdt get 2030usdt daily profit dm whatsapp
FALSE,523,39,13,0,8,0,neutral,nft nftcommmunity deltaflare p2e gamefi crypto nftart nftsjoin discord join telegram 12 days 225724911084
FALSE,14,0,1,0,0,0,bearish,taliban bans cryptos afghanistan shuts cryptobusinesses
FALSE,49,103,1,1,3,0,neutral,hey check crypto portfolio deposit today start earning tomorrow haruinvestturns3 btc eth usdt
FALSE,92608,9,1,0,0,0,neutral,crypto momentum alert cocosusdt kucoin price 07756 increase first alert 0 5 minute delayget industry leading alerts real time cocos usdt coinalerts crypto
FALSE,24,28,1,0,1,0,neutral,mt gox lenders deny rumours massive btc accrual crypto bnb btc eth
TRUE,199347,17,32,21,9,0,neutral,another sneak peek xana sneaker congratulations xeta staking reward winnersxana branded wearable nfts limited edition available xeta staking reward color metaverse lifestylenext staking start 4 dayscrypto
FALSE,5713,87,3,2,1,0,bullish,crypto crew partners flight force 4we excited announce collab great nft project join us friday friendship friday tell us amazing projectwelcome fam
FALSE,17,35,1,0,2,0,bullish,neon ethereum virtual machine scalability liquidity solananeon solana solanasummer ethereum evm crypto blockchain
FALSE,6186,558,1,0,1,0,neutral,engage tweet chance get followed one promising projects crypto xspectar xarmy
FALSE,273,1007,8,0,5,0,neutral,stretching nose piercing opensea nftnftart nftsnftcollector nftartistnftcommunity ethereumdigitalart cryptoart black sketch abstract whiteartist blackandwhite
FALSE,110,46,1,0,1,0,neutral,never fight fed clicks crypto bros
FALSE,11443,10169,1,0,0,0,neutral,breaking blockchain news united states blockchain technology market 2022 emerging trend top companies regional analysis 2030 muleskinner muleskinner metaverse meta crypto innovation nftcommunity datascience bigdata analytics ml
FALSE,11443,10169,0,0,0,0,neutral,breaking blockchain news latin america blockchain technology market 2022 segmentation future business strategy key players analysis forecast 2030 muleskinner muleskinner metaverse meta crypto innovation nftcommunity datascience b
FALSE,1853,3,1,0,0,0,neutral,cardano ada whale laced transaction output 13m 057m usd tx info support us stake peace pool stake sharpeasy1boostgmblfintech blockchain crypto
FALSE,0,147,0,0,1,0,neutral,web30 digital bankpocket conducts community airdrop event joined gleam get airdrop contest yet gleam airdrop pocketinfinity crypto
FALSE,3678,2,3,0,1,0,neutral,crypto alert bollinger bands breakout alert 15m pair nulsusdtcrypto nft binance metaverse cryptocurrency
FALSE,226,1253,0,0,0,0,neutral,many projects problems ui ux one turns new users plan improve interaction new users users outside crypto space
FALSE,23,103,1,0,1,0,neutral,good evening crypto whales india btcshreedrg indiascryptotrack day 12
FALSE,3155,389,0,0,0,0,bullish,xdb blockchain project currently transitioning chaincurrently 7m mc spending 140m ecosystem growth xdb bigger partnerships 1bn mc projectsthis unseen crypto
FALSE,3372,4,1,0,1,0,neutral,bitcoin last price 19812 btc daily indicatorspivot fibonacci support 1 20003 s2 18603 s3 16337 middle 22269 resistance 1 24535ethereum last price 1448 ethpivot s1 1192 s2 1009 s3 712 1490 r1 1787crypto defi36224276
FALSE,460,789,0,0,1,0,bullish,gammax raises 4m launch crypto derivatives exchange ethereum layer2 solution btc crypto
FALSE,1,2,0,0,1,0,bullish,kiss still burns lips everyday mi cyptocurrency btc eth crypto ij ww lne beautiful
FALSE,47,33,0,0,1,0,bullish,good reason choose crypto instead banks
FALSE,533,363,0,0,1,0,neutral,tweet coins want analysecrypto crypto btc bitcoin cryptotrading cryptosignals btc
FALSE,256,362,0,0,0,0,neutral,start work 8am every morning alarm rings 4am snooze 430 early morning silence world awake stretch meditate coffee news crypto sit outside watch movie work sometimes absolutely love early morning youre 100 alone
FALSE,26605,1051,10,1,2,0,bullish,everyone whos going first cycle market drags bs bad takes drama increasesignore focus positives crypto also make cycle
FALSE,1071,4,0,0,0,0,bullish,new listinggut listed coinmarketcap superapiv2more info bioau bitcoin autocrypto crypto cryptocurrecy bnb tothemoon bsc bscgem gem altcoin token
FALSE,116,34,8,0,2,1,neutral,new nft team already actioncrypto nft nftcommunity nftproject nfts
FALSE,154,90,0,0,0,0,neutral,monetary authority singapore considers new restrictions crypto firms
FALSE,3155,389,0,0,0,0,bullish,xdb blockchain project currently transitioning chaincurrently 7m mc spending 140m ecosystem growth xdb bigger partnerships 1bn mc projectsthis unseen crypto
FALSE,27,127,0,0,0,0,bullish,binance virtuzone partner enable crypto payments uae
FALSE,4336,44,1,0,0,0,neutral,30mcandlesta4crypto biggest winners last candlecocos 1044cos 433cvp 298quick 188data 18529082022 1131am utcfollow regular updatescryptotrading crypto cryptomarket
FALSE,1100,2548,5,2,1,0,neutral,future nft powered binance smart chainwebsite linktree dumble dumbledao dumble dex bsc bscgems nft crypto defi rbxs
FALSE,1267,297,1,0,0,0,bearish,time cry babies ask crypto wattson nurf
FALSE,4336,44,0,0,0,0,bearish,30mcandlesta4crypto biggest losers last candleidex 38dia 357loka 345porto 242santos 21429082022 1131am utcfollow regular updatescryptotrading crypto cryptomarket
FALSE,4336,44,0,0,0,0,neutral,join kucoin get 500 usdt 20 reduction trading feesclaim bonus 29082022 1131am utccrypto cryptocurrencies cryptotrading cryptomarket
FALSE,4336,44,0,0,0,0,neutral,join bybit get 3030 usdt 15 reduction trading feesenter code 38506 upon registration 29082022 1131am utccrypto cryptocurrencies cryptotrading cryptomarket
FALSE,3694,882,0,0,0,0,neutral,worst person world german hates crypto eats pineapple pizza
FALSE,66,293,0,0,0,0,neutral,thbcrypto nice projectuscrnme yolandkamila dayutzy thunderbrawl thunderbrawlairdrop bsc airdrops airdropkingnews
FALSE,304,218,0,0,0,0,bearish,mate amp wife celsius network multi billion platform publicly rugged pulleddefrauded 14millions customers walking free crypto founders anything nature brad different
FALSE,649,1436,0,0,1,0,bearish,crypto crash teachers dream investment turned nightmare loss
FALSE,4336,44,0,0,0,0,neutral,30mcandlesta4crypto biggest increase usdt volume exchanged past candlefarm 1788178cvp 597149cocos 466151quick 406291rif 37496629082022 1131am utcwhalealert cryptomarket cryptotrading crypto
FALSE,8,130,0,0,1,0,bullish,rush crypto lovers
FALSE,58,245,0,0,0,0,bearish,crypto crash teachers dream investment turned nightmare loss
FALSE,4336,44,0,0,0,0,neutral,30mcandlesta4crypto biggest decrease usdt volume exchanged past candlegno 9914rep 9246mkr 9207beam 8791elf 84729082022 1131am utcwhalealert cryptomarket cryptotrading crypto
FALSE,4336,44,1,0,0,0,neutral,30mcandlesta4crypto highest usdt volume exchanged past candle millionsbtc 8155 meth 2152 mavax 2 mcocos 196 mada 179 m29082022 1131am utcwhalealert cryptomarket cryptotrading crypto
FALSE,4336,44,0,0,0,0,neutral,30mcandlesta4crypto strongest 6 periods rsi sellsignals nowcocos 96409rare 94847farm 92195cos 92122aion 9187529082022 1131am utcfollow regular updatescryptotrading crypto cryptomarket
FALSE,4336,44,0,0,0,0,neutral,30mcandlesta4crypto strongest 6 periods rsi buysignals nowdexe 13199epx 18711ava 21456oxt 21835bond 2622629082022 1131am utcfollow regular updatescryptotrading crypto cryptomarket
FALSE,485,374,0,0,0,0,bullish,crypto bros guys great idea app seem near identical species im expecting start looking someone knows coding willing 15 future profits day
FALSE,4336,44,0,0,0,0,neutral,30mcandlesta4crypto strongest macd sell signals nowbond 0034celr 0021adx 0018bttc 0005macd crossed signal29082022 1131am utccrypto cryptomarket cryptotrading tradingsignals
FALSE,18,181,0,0,0,0,neutral,strategy implement bring noncryptonatives ecosystem keep balance developing technology also improving value token
FALSE,4336,44,0,0,0,0,neutral,30mcandlesta4crypto highest volatility 6 periods natr nowloka 838xec 487voxel 454alpaca 452rare 43929082022 1131am utcfollow regular updatescryptotrading crypto cryptomarket
FALSE,5,73,4,0,1,0,bullish,museum city new york staple new york almost 100 yearswill offerings nfts click link join heftyverse fam nft crypto cryptocurrency bitcoin web3 blockchain blockchaintechnologies dailynews
FALSE,4336,44,0,0,0,0,neutral,30mcandlesta4crypto lowest volatility 6 periods natr nowghst 019paxg 021trx 026gno 026tribe 02629082022 1131am utcfollow regular updatescryptotrading crypto cryptomarket
FALSE,4336,44,0,0,0,0,neutral,30mcandlesta4crypto strongest cryptotrends 6 periods adx nowuma 80432dcr 78379ctk 72667twt 70838movr 7009529082022 1131am utcfollow regular updatescryptotrading crypto cryptomarket
FALSE,1853,3,0,0,0,0,neutral,cardano ada whale laced transaction output 10m 044m usd tx info support us stake peace pool stake sharpeasy1boostgmblfintech blockchain crypto
FALSE,145,31,0,0,0,0,bearish,go many fake crypto scammers asiaheres one
FALSE,10338,2153,7,4,6,0,bearish,nobody talk nft crypto us go back 1xbet place like home
FALSE,4336,44,0,0,0,0,neutral,30mcandlesta4crypto weakest cryptotrends 6 periods adx nowlrc 10475kda 11192wrx 11525dent 11792yfi 1245729082022 1131am utcfollow regular updatescryptotrading crypto cryptomarket
FALSE,348,155,0,0,0,0,neutral,calo metaverse unveils burntoearn app calo indoor second projectcaloverse calo indoor metaverse nfts blockchain investment tokenization web3 web3news web3africacommunity blockchaintechnology crypto
FALSE,7082,208,0,0,1,0,bearish,crypto safe singapore mulls new rules would make tougher trade bitcoin ethereum dogecoin
FALSE,16,229,0,0,0,0,bearish,pump amp dump schemes becoming major problem crypto space needs solving investors hard earned money going drain could please tell prevent whales manipulating price amp ensure price appreciates reach moon
FALSE,1853,3,0,0,0,0,neutral,cardano ada whale laced transaction output 44m 193m usd tx info support us stake peace pool stake sharpeasy1boostgmblfintech blockchain crypto
FALSE,4336,44,0,0,0,0,neutral,30mcandlesta4crypto highest 14 periods mfi nowrare 98697cocos 98671farm 97008quick 94902cos 9465729082022 1131am utcfollow regular updatescryptotrading crypto cryptomarket
FALSE,4336,44,0,0,0,0,neutral,30mcandlesta4crypto lowest 14 periods mfi nowbifi 5401iost 10799celr 12149nmr 16201amp 1663929082022 1131am utcfollow regular updatescryptotrading crypto cryptomarket
FALSE,1,2,0,0,1,0,bullish,wh cyptocurrency btc eth crypto ij ww len happens youll thankful
FALSE,462,3394,0,1,2,0,neutral,usdt treasure chest share friendslets get treasures togethergiveaway giveaways airdrop nfts crypto click join
FALSE,62,485,1,0,1,0,bullish,situation doesnt stop us navigating crypto ecosystem able enlighten third country nationals lucrative nature space one new bies lucky able get okay bears white list alpha call
FALSE,337,341,0,0,0,0,bullish,one thrilling aspect dokdo project combination banking service cryptocurrency exchange service business model would bring seamless transition crypto fiatdkd dokdo xeggex bscgem binancesmartchain bsc staking solar